timestamp,runs_done,accept,median_s,success_rate,avg_attacks,pop,gens,elitism,tourn_k,cross,mut
2025-09-21 09:02:25,34,1,0.027288,0.9706,0.029,200,1000,2,3,0.800,0.150
2025-09-21 09:02:27,68,1,0.031105,1.0000,0.000,200,1000,2,3,0.800,0.150
2025-09-21 09:02:30,102,0,0.031105,1.0000,0.000,200,1000,2,3,0.800,0.150
2025-09-21 09:02:33,136,0,0.031105,1.0000,0.000,200,1000,2,3,0.800,0.150
2025-09-21 09:02:37,170,0,0.031105,1.0000,0.000,200,1000,2,3,0.800,0.150
2025-09-21 09:02:38,204,1,0.021062,1.0000,0.000,200,1000,2,3,0.800,0.150
2025-09-21 09:02:39,238,0,0.021062,1.0000,0.000,200,1000,2,3,0.800,0.150
2025-09-21 09:02:41,272,0,0.021062,1.0000,0.000,200,1000,2,3,0.800,0.150
2025-09-21 09:02:43,306,0,0.021062,1.0000,0.000,200,1000,2,3,0.800,0.150
2025-09-21 09:02:46,340,0,0.021062,1.0000,0.000,200,1000,2,3,0.800,0.150
2025-09-21 09:02:49,374,0,0.021062,1.0000,0.000,200,1000,2,3,0.800,0.150
2025-09-21 09:02:51,408,0,0.021062,1.0000,0.000,200,1000,2,3,0.800,0.150
2025-09-21 09:02:53,442,1,0.020574,1.0000,0.000,200,1000,2,3,0.800,0.150
2025-09-21 09:02:55,476,0,0.020574,1.0000,0.000,200,1000,2,3,0.800,0.150
2025-09-21 09:02:56,510,1,0.018394,1.0000,0.000,200,1000,2,3,0.800,0.150
2025-09-21 09:02:59,544,0,0.018394,1.0000,0.000,200,1000,2,3,0.800,0.150
2025-09-21 09:03:01,578,0,0.018394,1.0000,0.000,200,1000,2,3,0.800,0.150
2025-09-21 09:03:02,612,0,0.018394,1.0000,0.000,200,1000,2,3,0.800,0.150
2025-09-21 09:03:04,646,0,0.018394,1.0000,0.000,200,1000,2,3,0.800,0.150
2025-09-21 09:03:07,680,0,0.018394,1.0000,0.000,200,1000,2,3,0.800,0.150
2025-09-21 09:03:09,714,0,0.018394,1.0000,0.000,200,1000,2,3,0.800,0.150
2025-09-21 09:03:14,748,0,0.018394,1.0000,0.000,200,1000,2,3,0.800,0.150
2025-09-21 09:03:16,782,0,0.018394,1.0000,0.000,200,1000,2,3,0.800,0.150
2025-09-21 09:03:16,816,0,0.018394,1.0000,0.000,200,1000,2,3,0.800,0.150
2025-09-21 09:03:18,850,1,0.047243,1.0000,0.000,200,1000,2,3,0.800,0.150
2025-09-21 09:03:19,884,1,0.028320,1.0000,0.000,200,1000,2,3,0.800,0.150
2025-09-21 09:03:21,918,0,0.028320,1.0000,0.000,200,1000,2,3,0.800,0.150
2025-09-21 09:03:24,952,0,0.028320,1.0000,0.000,200,1000,2,3,0.800,0.150
2025-09-21 09:03:26,986,0,0.028320,1.0000,0.000,200,1000,2,3,0.800,0.150
2025-09-21 09:03:28,1020,0,0.028320,1.0000,0.000,200,1000,2,3,0.800,0.150
2025-09-21 09:03:31,1054,0,0.028320,1.0000,0.000,200,1000,2,3,0.800,0.150
2025-09-21 09:03:32,1088,0,0.028320,1.0000,0.000,200,1000,2,3,0.800,0.150
2025-09-21 09:03:36,1122,0,0.028320,1.0000,0.000,200,1000,2,3,0.800,0.150
2025-09-21 09:03:39,1156,0,0.028320,1.0000,0.000,200,1000,2,3,0.800,0.150
2025-09-21 09:03:42,1190,1,0.024127,1.0000,0.000,200,1000,2,3,0.800,0.150
2025-09-21 09:03:44,1224,0,0.024127,1.0000,0.000,200,1000,2,3,0.800,0.150
2025-09-21 09:03:46,1258,0,0.024127,1.0000,0.000,200,1000,2,3,0.800,0.150
2025-09-21 09:03:48,1292,0,0.024127,1.0000,0.000,200,1000,2,3,0.800,0.150
2025-09-21 09:03:50,1326,0,0.024127,1.0000,0.000,200,1000,2,3,0.800,0.150
2025-09-21 09:03:53,1360,0,0.024127,1.0000,0.000,200,1000,2,3,0.800,0.150
2025-09-21 09:03:54,1394,0,0.024127,1.0000,0.000,200,1000,2,3,0.800,0.150
2025-09-21 09:03:55,1428,0,0.024127,1.0000,0.000,200,1000,2,3,0.800,0.150
2025-09-21 09:03:58,1462,0,0.024127,1.0000,0.000,200,1000,2,3,0.800,0.150
2025-09-21 09:04:01,1496,0,0.024127,1.0000,0.000,200,1000,2,3,0.800,0.150
2025-09-21 09:04:01,1530,0,0.024127,1.0000,0.000,200,1000,2,3,0.800,0.150
2025-09-21 09:04:03,1564,0,0.024127,1.0000,0.000,200,1000,2,3,0.800,0.150
2025-09-21 09:04:03,1598,0,0.024127,1.0000,0.000,200,1000,2,3,0.800,0.150
2025-09-21 09:04:04,1632,0,0.024127,1.0000,0.000,200,1000,2,3,0.800,0.150
2025-09-21 09:04:07,1666,0,0.024127,1.0000,0.000,200,1000,2,3,0.800,0.150
2025-09-21 09:04:10,1700,0,0.024127,1.0000,0.000,200,1000,2,3,0.800,0.150
2025-09-21 09:04:12,1734,0,0.024127,1.0000,0.000,200,1000,2,3,0.800,0.150
2025-09-21 09:04:13,1768,1,0.021213,1.0000,0.000,181,1097,2,3,0.794,0.150
2025-09-21 09:04:14,1802,0,0.021213,1.0000,0.000,181,1097,2,3,0.794,0.150
2025-09-21 09:04:15,1836,0,0.021213,1.0000,0.000,181,1097,2,3,0.794,0.150
2025-09-21 09:04:19,1870,0,0.021213,1.0000,0.000,181,1097,2,3,0.794,0.150
2025-09-21 09:04:20,1904,0,0.021213,1.0000,0.000,181,1097,2,3,0.794,0.150
2025-09-21 09:04:23,1938,0,0.021213,1.0000,0.000,181,1097,2,3,0.794,0.150
2025-09-21 09:04:26,1972,0,0.021213,1.0000,0.000,181,1097,2,3,0.794,0.150
2025-09-21 09:04:29,2006,0,0.021213,1.0000,0.000,181,1097,2,3,0.794,0.150
2025-09-21 09:04:30,2040,0,0.021213,1.0000,0.000,181,1097,2,3,0.794,0.150
2025-09-21 09:04:31,2074,0,0.021213,1.0000,0.000,181,1097,2,3,0.794,0.150
2025-09-21 09:04:34,2108,0,0.021213,1.0000,0.000,181,1097,2,3,0.794,0.150
2025-09-21 09:04:36,2142,0,0.021213,1.0000,0.000,181,1097,2,3,0.794,0.150
2025-09-21 09:04:37,2176,0,0.021213,1.0000,0.000,181,1097,2,3,0.794,0.150
2025-09-21 09:04:39,2210,0,0.021213,1.0000,0.000,181,1097,2,3,0.794,0.150
2025-09-21 09:04:40,2244,0,0.021213,1.0000,0.000,181,1097,2,3,0.794,0.150
2025-09-21 09:04:42,2278,0,0.021213,1.0000,0.000,181,1097,2,3,0.794,0.150
2025-09-21 09:04:44,2312,0,0.021213,1.0000,0.000,181,1097,2,3,0.794,0.150
2025-09-21 09:04:48,2346,0,0.021213,1.0000,0.000,181,1097,2,3,0.794,0.150
2025-09-21 09:04:51,2380,0,0.021213,1.0000,0.000,181,1097,2,3,0.794,0.150
2025-09-21 09:04:54,2414,0,0.021213,1.0000,0.000,181,1097,2,3,0.794,0.150
2025-09-21 09:04:56,2448,0,0.021213,1.0000,0.000,181,1097,2,3,0.794,0.150
2025-09-21 09:04:58,2482,0,0.021213,1.0000,0.000,181,1097,2,3,0.794,0.150
2025-09-21 09:05:01,2516,0,0.021213,1.0000,0.000,181,1097,2,3,0.794,0.150
2025-09-21 09:05:03,2550,0,0.021213,1.0000,0.000,181,1097,2,3,0.794,0.150
2025-09-21 09:05:07,2584,0,0.021213,1.0000,0.000,181,1097,2,3,0.794,0.150
2025-09-21 09:05:09,2618,0,0.021213,1.0000,0.000,181,1097,2,3,0.794,0.150
2025-09-21 09:05:13,2652,0,0.021213,1.0000,0.000,181,1097,2,3,0.794,0.150
2025-09-21 09:05:16,2686,0,0.021213,1.0000,0.000,181,1097,2,3,0.794,0.150
2025-09-21 09:05:18,2720,0,0.021213,1.0000,0.000,181,1097,2,3,0.794,0.150
2025-09-21 09:05:18,2754,0,0.021213,1.0000,0.000,181,1097,2,3,0.794,0.150
2025-09-21 09:05:19,2788,0,0.021213,1.0000,0.000,181,1097,2,3,0.794,0.150
2025-09-21 09:05:22,2822,0,0.021213,1.0000,0.000,181,1097,2,3,0.794,0.150
2025-09-21 09:05:26,2856,0,0.021213,1.0000,0.000,181,1097,2,3,0.794,0.150
2025-09-21 09:05:29,2890,0,0.021213,1.0000,0.000,181,1097,2,3,0.794,0.150
2025-09-21 09:05:32,2924,0,0.021213,1.0000,0.000,181,1097,2,3,0.794,0.150
2025-09-21 09:05:33,2958,0,0.021213,1.0000,0.000,181,1097,2,3,0.794,0.150
2025-09-21 09:05:36,2992,0,0.021213,1.0000,0.000,181,1097,2,3,0.794,0.150
2025-09-21 09:05:37,3026,0,0.021213,1.0000,0.000,181,1097,2,3,0.794,0.150
2025-09-21 09:05:41,3060,0,0.021213,1.0000,0.000,181,1097,2,3,0.794,0.150
2025-09-21 09:05:42,3094,0,0.021213,1.0000,0.000,181,1097,2,3,0.794,0.150
2025-09-21 09:05:44,3128,0,0.021213,1.0000,0.000,181,1097,2,3,0.794,0.150
2025-09-21 09:05:47,3162,0,0.021213,1.0000,0.000,181,1097,2,3,0.794,0.150
2025-09-21 09:05:49,3196,0,0.021213,1.0000,0.000,181,1097,2,3,0.794,0.150
2025-09-21 09:05:50,3230,0,0.021213,1.0000,0.000,181,1097,2,3,0.794,0.150
2025-09-21 09:05:52,3264,1,0.056679,1.0000,0.000,181,1097,2,3,0.794,0.150
2025-09-21 09:05:55,3298,1,0.035323,1.0000,0.000,181,1097,2,3,0.794,0.150
2025-09-21 09:05:56,3332,1,0.029613,1.0000,0.000,181,1097,2,3,0.794,0.150
2025-09-21 09:05:57,3366,0,0.029613,1.0000,0.000,181,1097,2,3,0.794,0.150
2025-09-21 09:06:00,3400,0,0.029613,1.0000,0.000,181,1097,2,3,0.794,0.150
2025-09-21 09:06:02,3434,0,0.029613,1.0000,0.000,181,1097,2,3,0.794,0.150
2025-09-21 09:06:05,3468,0,0.029613,1.0000,0.000,181,1097,2,3,0.794,0.150
2025-09-21 09:06:09,3502,0,0.029613,1.0000,0.000,181,1097,2,3,0.794,0.150
2025-09-21 09:06:12,3536,0,0.029613,1.0000,0.000,181,1097,2,3,0.794,0.150
2025-09-21 09:06:14,3570,1,0.028078,1.0000,0.000,181,1097,2,3,0.794,0.150
2025-09-21 09:06:18,3604,0,0.028078,1.0000,0.000,181,1097,2,3,0.794,0.150
2025-09-21 09:06:18,3638,0,0.028078,1.0000,0.000,181,1097,2,3,0.794,0.150
2025-09-21 09:06:22,3672,0,0.028078,1.0000,0.000,181,1097,2,3,0.794,0.150
2025-09-21 09:06:25,3706,0,0.028078,1.0000,0.000,181,1097,2,3,0.794,0.150
2025-09-21 09:06:28,3740,0,0.028078,1.0000,0.000,181,1097,2,3,0.794,0.150
2025-09-21 09:06:31,3774,0,0.028078,1.0000,0.000,181,1097,2,3,0.794,0.150
2025-09-21 09:06:34,3808,0,0.028078,1.0000,0.000,181,1097,2,3,0.794,0.150
2025-09-21 09:06:37,3842,0,0.028078,1.0000,0.000,181,1097,2,3,0.794,0.150
2025-09-21 09:06:40,3876,0,0.028078,1.0000,0.000,181,1097,2,3,0.794,0.150
2025-09-21 09:06:44,3910,0,0.028078,1.0000,0.000,181,1097,2,3,0.794,0.150
2025-09-21 09:06:46,3944,1,0.022492,1.0000,0.000,181,1097,2,3,0.794,0.150
2025-09-21 09:06:48,3978,0,0.022492,1.0000,0.000,181,1097,2,3,0.794,0.150
2025-09-21 09:06:50,4012,0,0.022492,1.0000,0.000,181,1097,2,3,0.794,0.150
2025-09-21 09:06:51,4046,0,0.022492,1.0000,0.000,181,1097,2,3,0.794,0.150
2025-09-21 09:06:55,4080,0,0.022492,1.0000,0.000,181,1097,2,3,0.794,0.150
2025-09-21 09:06:56,4114,1,0.044747,1.0000,0.000,181,1097,2,3,0.794,0.150
2025-09-21 09:06:58,4148,1,0.026806,1.0000,0.000,181,1097,2,3,0.794,0.150
2025-09-21 09:07:00,4182,0,0.026806,1.0000,0.000,181,1097,2,3,0.794,0.150
2025-09-21 09:07:03,4216,0,0.026806,1.0000,0.000,181,1097,2,3,0.794,0.150
2025-09-21 09:07:05,4250,0,0.026806,1.0000,0.000,181,1097,2,3,0.794,0.150
2025-09-21 09:07:07,4284,0,0.026806,1.0000,0.000,181,1097,2,3,0.794,0.150
2025-09-21 09:07:09,4318,0,0.026806,1.0000,0.000,181,1097,2,3,0.794,0.150
2025-09-21 09:07:12,4352,0,0.026806,1.0000,0.000,181,1097,2,3,0.794,0.150
2025-09-21 09:07:14,4386,0,0.026806,1.0000,0.000,181,1097,2,3,0.794,0.150
2025-09-21 09:07:16,4420,0,0.026806,1.0000,0.000,181,1097,2,3,0.794,0.150
2025-09-21 09:07:19,4454,0,0.026806,1.0000,0.000,181,1097,2,3,0.794,0.150
2025-09-21 09:07:20,4488,0,0.026806,1.0000,0.000,181,1097,2,3,0.794,0.150
2025-09-21 09:07:23,4522,0,0.026806,1.0000,0.000,181,1097,2,3,0.794,0.150
2025-09-21 09:07:25,4556,0,0.026806,1.0000,0.000,181,1097,2,3,0.794,0.150
2025-09-21 09:07:28,4590,0,0.026806,1.0000,0.000,181,1097,2,3,0.794,0.150
2025-09-21 09:07:30,4624,1,0.024732,1.0000,0.000,181,1097,2,3,0.794,0.150
2025-09-21 09:07:33,4658,0,0.024732,1.0000,0.000,181,1097,2,3,0.794,0.150
2025-09-21 09:07:37,4692,0,0.024732,1.0000,0.000,181,1097,2,3,0.794,0.150
2025-09-21 09:07:40,4726,0,0.024732,1.0000,0.000,181,1097,2,3,0.794,0.150
2025-09-21 09:07:40,4760,1,0.020916,1.0000,0.000,181,1097,2,3,0.794,0.150
2025-09-21 09:07:42,4794,0,0.020916,1.0000,0.000,181,1097,2,3,0.794,0.150
2025-09-21 09:07:45,4828,0,0.020916,1.0000,0.000,181,1097,2,3,0.794,0.150
2025-09-21 09:07:46,4862,0,0.020916,1.0000,0.000,181,1097,2,3,0.794,0.150
2025-09-21 09:07:49,4896,0,0.020916,1.0000,0.000,181,1097,2,3,0.794,0.150
2025-09-21 09:07:52,4930,0,0.020916,1.0000,0.000,181,1097,2,3,0.794,0.150
2025-09-21 09:07:54,4964,0,0.020916,1.0000,0.000,181,1097,2,3,0.794,0.150
2025-09-21 09:07:57,4998,0,0.020916,1.0000,0.000,181,1097,2,3,0.794,0.150
2025-09-21 09:07:59,5032,1,0.067652,1.0000,0.000,181,1097,2,3,0.794,0.150
2025-09-21 09:08:02,5066,0,0.067652,1.0000,0.000,181,1097,2,3,0.794,0.150
2025-09-21 09:08:04,5100,1,0.027245,1.0000,0.000,181,1097,2,3,0.794,0.150
2025-09-21 09:08:07,5134,0,0.027245,1.0000,0.000,181,1097,2,3,0.794,0.150
2025-09-21 09:08:10,5168,0,0.027245,1.0000,0.000,181,1097,2,3,0.794,0.150
2025-09-21 09:08:13,5202,0,0.027245,1.0000,0.000,181,1097,2,3,0.794,0.150
2025-09-21 09:08:15,5236,0,0.027245,1.0000,0.000,181,1097,2,3,0.794,0.150
2025-09-21 09:08:18,5270,0,0.027245,1.0000,0.000,181,1097,2,3,0.794,0.150
2025-09-21 09:08:21,5304,0,0.027245,1.0000,0.000,181,1097,2,3,0.794,0.150
2025-09-21 09:08:24,5338,0,0.027245,1.0000,0.000,181,1097,2,3,0.794,0.150
2025-09-21 09:08:27,5372,1,0.025728,1.0000,0.000,181,1097,2,3,0.794,0.150
2025-09-21 09:08:30,5406,0,0.025728,1.0000,0.000,181,1097,2,3,0.794,0.150
2025-09-21 09:08:30,5440,0,0.025728,1.0000,0.000,181,1097,2,3,0.794,0.150
2025-09-21 09:08:31,5474,0,0.025728,1.0000,0.000,181,1097,2,3,0.794,0.150
2025-09-21 09:08:34,5508,0,0.025728,1.0000,0.000,181,1097,2,3,0.794,0.150
2025-09-21 09:08:35,5542,0,0.025728,1.0000,0.000,181,1097,2,3,0.794,0.150
2025-09-21 09:08:36,5576,1,0.023431,1.0000,0.000,181,1097,2,3,0.794,0.150
2025-09-21 09:08:39,5610,0,0.023431,1.0000,0.000,181,1097,2,3,0.794,0.150
2025-09-21 09:08:42,5644,0,0.023431,1.0000,0.000,181,1097,2,3,0.794,0.150
2025-09-21 09:08:42,5678,0,0.023431,1.0000,0.000,181,1097,2,3,0.794,0.150
2025-09-21 09:08:44,5712,0,0.023431,1.0000,0.000,181,1097,2,3,0.794,0.150
2025-09-21 09:08:45,5746,0,0.023431,1.0000,0.000,181,1097,2,3,0.794,0.150
2025-09-21 09:08:47,5780,0,0.023431,1.0000,0.000,181,1097,2,3,0.794,0.150
2025-09-21 09:08:50,5814,0,0.023431,1.0000,0.000,181,1097,2,3,0.794,0.150
2025-09-21 09:08:53,5848,0,0.023431,1.0000,0.000,181,1097,2,3,0.794,0.150
2025-09-21 09:08:56,5882,0,0.023431,1.0000,0.000,181,1097,2,3,0.794,0.150
2025-09-21 09:08:59,5916,0,0.023431,1.0000,0.000,181,1097,2,3,0.794,0.150
2025-09-21 09:09:01,5950,0,0.023431,1.0000,0.000,181,1097,2,3,0.794,0.150
2025-09-21 09:09:04,5984,0,0.023431,1.0000,0.000,181,1097,2,3,0.794,0.150
2025-09-21 09:09:07,6018,0,0.023431,1.0000,0.000,181,1097,2,3,0.794,0.150
2025-09-21 09:09:10,6052,0,0.023431,1.0000,0.000,181,1097,2,3,0.794,0.150
2025-09-21 09:09:12,6086,1,0.022877,1.0000,0.000,181,1097,2,3,0.794,0.150
2025-09-21 09:09:16,6120,0,0.022877,1.0000,0.000,181,1097,2,3,0.794,0.150
2025-09-21 09:09:19,6154,0,0.022877,1.0000,0.000,181,1097,2,3,0.794,0.150
2025-09-21 09:09:22,6188,0,0.022877,1.0000,0.000,181,1097,2,3,0.794,0.150
2025-09-21 09:09:24,6222,0,0.022877,1.0000,0.000,181,1097,2,3,0.794,0.150
2025-09-21 09:09:28,6256,0,0.022877,1.0000,0.000,181,1097,2,3,0.794,0.150
2025-09-21 09:09:29,6290,0,0.022877,1.0000,0.000,181,1097,2,3,0.794,0.150
2025-09-21 09:09:32,6324,0,0.022877,1.0000,0.000,181,1097,2,3,0.794,0.150
2025-09-21 09:09:35,6358,0,0.022877,1.0000,0.000,181,1097,2,3,0.794,0.150
2025-09-21 09:09:39,6392,0,0.022877,1.0000,0.000,181,1097,2,3,0.794,0.150
2025-09-21 09:09:41,6426,0,0.022877,1.0000,0.000,181,1097,2,3,0.794,0.150
2025-09-21 09:09:41,6460,0,0.022877,1.0000,0.000,181,1097,2,3,0.794,0.150
2025-09-21 09:09:44,6494,0,0.022877,1.0000,0.000,181,1097,2,3,0.794,0.150
2025-09-21 09:09:46,6528,0,0.022877,1.0000,0.000,181,1097,2,3,0.794,0.150
2025-09-21 09:09:47,6562,1,0.028172,1.0000,0.000,181,1097,2,3,0.794,0.150
2025-09-21 09:09:50,6596,1,0.031047,1.0000,0.000,181,1097,2,3,0.794,0.150
2025-09-21 09:09:53,6630,0,0.031047,1.0000,0.000,181,1097,2,3,0.794,0.150
2025-09-21 09:09:54,6664,0,0.031047,1.0000,0.000,181,1097,2,3,0.794,0.150
2025-09-21 09:09:57,6698,0,0.031047,1.0000,0.000,181,1097,2,3,0.794,0.150
2025-09-21 09:10:00,6732,1,0.025649,1.0000,0.000,181,1097,2,3,0.794,0.150
2025-09-21 09:10:01,6766,0,0.025649,1.0000,0.000,181,1097,2,3,0.794,0.150
2025-09-21 09:10:04,6800,0,0.025649,1.0000,0.000,181,1097,2,3,0.794,0.150
2025-09-21 09:10:07,6834,0,0.025649,1.0000,0.000,181,1097,2,3,0.794,0.150
2025-09-21 09:10:10,6868,0,0.025649,1.0000,0.000,181,1097,2,3,0.794,0.150
2025-09-21 09:10:12,6902,0,0.025649,1.0000,0.000,181,1097,2,3,0.794,0.150
2025-09-21 09:10:13,6936,0,0.025649,1.0000,0.000,181,1097,2,3,0.794,0.150
2025-09-21 09:10:15,6970,0,0.025649,1.0000,0.000,181,1097,2,3,0.794,0.150
2025-09-21 09:10:17,7004,0,0.025649,1.0000,0.000,181,1097,2,3,0.794,0.150
2025-09-21 10:28:16,34,0,0.025649,1.0000,0.000,181,1097,2,3,0.794,0.150
2025-09-21 10:28:18,68,1,0.023364,1.0000,0.000,181,1097,2,3,0.794,0.150
2025-09-21 10:28:21,102,0,0.023364,1.0000,0.000,181,1097,2,3,0.794,0.150
2025-09-21 10:28:21,136,0,0.023364,1.0000,0.000,181,1097,2,3,0.794,0.150
2025-09-21 10:28:25,170,0,0.023364,1.0000,0.000,181,1097,2,3,0.794,0.150
2025-09-21 10:28:28,204,0,0.023364,1.0000,0.000,181,1097,2,3,0.794,0.150
2025-09-21 10:28:31,238,0,0.023364,1.0000,0.000,181,1097,2,3,0.794,0.150
2025-09-21 10:28:32,272,1,0.018879,1.0000,0.000,188,1016,3,4,0.780,0.187
2025-09-21 10:28:33,306,0,0.018879,1.0000,0.000,188,1016,3,4,0.780,0.187
2025-09-21 10:28:35,340,0,0.018879,1.0000,0.000,188,1016,3,4,0.780,0.187
2025-09-21 10:28:36,374,0,0.018879,1.0000,0.000,188,1016,3,4,0.780,0.187
2025-09-21 10:28:38,408,0,0.018879,1.0000,0.000,188,1016,3,4,0.780,0.187
2025-09-21 10:28:39,442,0,0.018879,1.0000,0.000,188,1016,3,4,0.780,0.187
2025-09-21 10:28:42,476,0,0.018879,1.0000,0.000,188,1016,3,4,0.780,0.187
2025-09-21 10:28:45,510,0,0.018879,1.0000,0.000,188,1016,3,4,0.780,0.187
2025-09-21 10:28:47,544,0,0.018879,1.0000,0.000,188,1016,3,4,0.780,0.187
2025-09-21 10:28:48,578,0,0.018879,1.0000,0.000,188,1016,3,4,0.780,0.187
2025-09-21 10:28:51,612,0,0.018879,1.0000,0.000,188,1016,3,4,0.780,0.187
2025-09-21 10:28:52,646,0,0.018879,1.0000,0.000,188,1016,3,4,0.780,0.187
2025-09-21 10:28:54,680,0,0.018879,1.0000,0.000,188,1016,3,4,0.780,0.187
2025-09-21 10:28:55,714,0,0.018879,1.0000,0.000,188,1016,3,4,0.780,0.187
2025-09-21 10:28:57,748,1,0.031782,1.0000,0.000,188,1016,3,4,0.780,0.187
2025-09-21 10:28:59,782,1,0.024932,1.0000,0.000,188,1016,3,4,0.780,0.187
2025-09-21 10:29:00,816,0,0.024932,1.0000,0.000,188,1016,3,4,0.780,0.187
2025-09-21 10:29:02,850,0,0.024932,1.0000,0.000,188,1016,3,4,0.780,0.187
2025-09-21 10:29:03,884,1,0.021587,1.0000,0.000,200,1053,2,5,0.770,0.181
2025-09-21 10:29:08,918,0,0.021587,1.0000,0.000,200,1053,2,5,0.770,0.181
2025-09-21 10:29:11,952,0,0.021587,1.0000,0.000,200,1053,2,5,0.770,0.181
2025-09-21 10:29:15,986,0,0.021587,1.0000,0.000,200,1053,2,5,0.770,0.181
2025-09-21 10:29:18,1020,1,0.027873,1.0000,0.000,200,1053,2,5,0.770,0.181
2025-09-21 10:29:22,1054,0,0.027873,1.0000,0.000,200,1053,2,5,0.770,0.181
2025-09-21 10:29:26,1088,0,0.027873,1.0000,0.000,200,1053,2,5,0.770,0.181
2025-09-21 10:29:27,1122,0,0.027873,1.0000,0.000,200,1053,2,5,0.770,0.181
2025-09-21 10:29:29,1156,0,0.027873,1.0000,0.000,200,1053,2,5,0.770,0.181
2025-09-21 10:29:30,1190,0,0.027873,1.0000,0.000,200,1053,2,5,0.770,0.181
2025-09-21 10:29:34,1224,0,0.027873,1.0000,0.000,200,1053,2,5,0.770,0.181
2025-09-21 10:29:35,1258,1,0.021608,1.0000,0.000,200,1053,2,5,0.770,0.181
2025-09-21 10:29:37,1292,0,0.021608,1.0000,0.000,200,1053,2,5,0.770,0.181
2025-09-21 10:29:41,1326,0,0.021608,1.0000,0.000,200,1053,2,5,0.770,0.181
2025-09-21 10:29:43,1360,0,0.021608,1.0000,0.000,200,1053,2,5,0.770,0.181
2025-09-21 10:29:45,1394,0,0.021608,1.0000,0.000,200,1053,2,5,0.770,0.181
2025-09-21 10:29:50,1428,0,0.021608,1.0000,0.000,200,1053,2,5,0.770,0.181
2025-09-21 10:29:51,1462,0,0.021608,1.0000,0.000,200,1053,2,5,0.770,0.181
2025-09-21 10:29:54,1496,1,0.018569,1.0000,0.000,186,1122,4,6,0.787,0.181
2025-09-21 10:29:58,1530,0,0.018569,1.0000,0.000,186,1122,4,6,0.787,0.181
2025-09-21 10:30:02,1564,0,0.018569,1.0000,0.000,186,1122,4,6,0.787,0.181
2025-09-21 10:30:05,1598,0,0.018569,1.0000,0.000,186,1122,4,6,0.787,0.181
2025-09-21 10:30:09,1632,0,0.018569,1.0000,0.000,186,1122,4,6,0.787,0.181
2025-09-21 10:30:10,1666,0,0.018569,1.0000,0.000,186,1122,4,6,0.787,0.181
2025-09-21 10:30:12,1700,0,0.018569,1.0000,0.000,186,1122,4,6,0.787,0.181
2025-09-21 10:30:16,1734,0,0.018569,1.0000,0.000,186,1122,4,6,0.787,0.181
2025-09-21 10:30:18,1768,0,0.018569,1.0000,0.000,186,1122,4,6,0.787,0.181
2025-09-21 10:30:22,1802,0,0.018569,1.0000,0.000,186,1122,4,6,0.787,0.181
2025-09-21 10:30:26,1836,0,0.018569,1.0000,0.000,186,1122,4,6,0.787,0.181
2025-09-21 10:30:30,1870,0,0.018569,1.0000,0.000,186,1122,4,6,0.787,0.181
2025-09-21 10:30:34,1904,0,0.018569,1.0000,0.000,186,1122,4,6,0.787,0.181
2025-09-21 10:30:38,1938,0,0.018569,1.0000,0.000,186,1122,4,6,0.787,0.181
2025-09-21 10:30:40,1972,0,0.018569,1.0000,0.000,186,1122,4,6,0.787,0.181
2025-09-21 10:30:42,2006,0,0.018569,1.0000,0.000,186,1122,4,6,0.787,0.181
2025-09-21 10:30:45,2040,0,0.018569,1.0000,0.000,186,1122,4,6,0.787,0.181
2025-09-21 10:30:47,2074,0,0.018569,1.0000,0.000,186,1122,4,6,0.787,0.181
2025-09-21 10:30:52,2108,0,0.018569,1.0000,0.000,186,1122,4,6,0.787,0.181
2025-09-21 10:30:55,2142,0,0.018569,1.0000,0.000,186,1122,4,6,0.787,0.181
2025-09-21 10:30:59,2176,0,0.018569,1.0000,0.000,186,1122,4,6,0.787,0.181
2025-09-21 10:31:03,2210,0,0.018569,1.0000,0.000,186,1122,4,6,0.787,0.181
2025-09-21 10:31:07,2244,0,0.018569,1.0000,0.000,186,1122,4,6,0.787,0.181
2025-09-21 10:31:12,2278,0,0.018569,1.0000,0.000,186,1122,4,6,0.787,0.181
2025-09-21 10:31:15,2312,0,0.018569,1.0000,0.000,186,1122,4,6,0.787,0.181
2025-09-21 10:31:19,2346,0,0.018569,1.0000,0.000,186,1122,4,6,0.787,0.181
2025-09-21 10:31:23,2380,0,0.018569,1.0000,0.000,186,1122,4,6,0.787,0.181
2025-09-21 10:31:26,2414,0,0.018569,1.0000,0.000,186,1122,4,6,0.787,0.181
2025-09-21 10:31:30,2448,0,0.018569,1.0000,0.000,186,1122,4,6,0.787,0.181
2025-09-21 10:31:34,2482,0,0.018569,1.0000,0.000,186,1122,4,6,0.787,0.181
2025-09-21 10:31:38,2516,0,0.018569,1.0000,0.000,186,1122,4,6,0.787,0.181
2025-09-21 10:31:41,2550,0,0.018569,1.0000,0.000,186,1122,4,6,0.787,0.181
2025-09-21 10:31:43,2584,0,0.018569,1.0000,0.000,186,1122,4,6,0.787,0.181
2025-09-21 10:31:45,2618,0,0.018569,1.0000,0.000,186,1122,4,6,0.787,0.181
2025-09-21 10:31:49,2652,0,0.018569,1.0000,0.000,186,1122,4,6,0.787,0.181
2025-09-21 10:31:53,2686,0,0.018569,1.0000,0.000,186,1122,4,6,0.787,0.181
2025-09-21 10:31:56,2720,0,0.018569,1.0000,0.000,186,1122,4,6,0.787,0.181
2025-09-21 10:31:59,2754,0,0.018569,1.0000,0.000,186,1122,4,6,0.787,0.181
2025-09-21 10:32:02,2788,0,0.018569,1.0000,0.000,186,1122,4,6,0.787,0.181
2025-09-21 10:32:06,2822,0,0.018569,1.0000,0.000,186,1122,4,6,0.787,0.181
2025-09-21 10:32:10,2856,0,0.018569,1.0000,0.000,186,1122,4,6,0.787,0.181
2025-09-21 10:32:12,2890,0,0.018569,1.0000,0.000,186,1122,4,6,0.787,0.181
2025-09-21 10:32:14,2924,0,0.018569,1.0000,0.000,186,1122,4,6,0.787,0.181
2025-09-21 10:32:17,2958,0,0.018569,1.0000,0.000,186,1122,4,6,0.787,0.181
2025-09-21 10:32:21,2992,0,0.018569,1.0000,0.000,186,1122,4,6,0.787,0.181
2025-09-21 10:32:24,3026,0,0.018569,1.0000,0.000,186,1122,4,6,0.787,0.181
2025-09-21 10:32:26,3060,0,0.018569,1.0000,0.000,186,1122,4,6,0.787,0.181
2025-09-21 10:32:30,3094,0,0.018569,1.0000,0.000,186,1122,4,6,0.787,0.181
2025-09-21 10:32:34,3128,0,0.018569,1.0000,0.000,186,1122,4,6,0.787,0.181
2025-09-21 10:32:37,3162,0,0.018569,1.0000,0.000,186,1122,4,6,0.787,0.181
2025-09-21 10:32:41,3196,0,0.018569,1.0000,0.000,186,1122,4,6,0.787,0.181
2025-09-21 10:32:44,3230,0,0.018569,1.0000,0.000,186,1122,4,6,0.787,0.181
2025-09-21 10:32:47,3264,0,0.018569,1.0000,0.000,186,1122,4,6,0.787,0.181
2025-09-21 10:32:51,3298,0,0.018569,1.0000,0.000,186,1122,4,6,0.787,0.181
2025-09-21 10:32:55,3332,0,0.018569,1.0000,0.000,186,1122,4,6,0.787,0.181
2025-09-21 10:32:58,3366,0,0.018569,1.0000,0.000,186,1122,4,6,0.787,0.181
2025-09-21 10:33:01,3400,0,0.018569,1.0000,0.000,186,1122,4,6,0.787,0.181
2025-09-21 10:33:05,3434,0,0.018569,1.0000,0.000,186,1122,4,6,0.787,0.181
2025-09-21 10:33:07,3468,1,0.016810,1.0000,0.000,185,1056,5,6,0.802,0.200
2025-09-21 10:33:10,3502,0,0.016810,1.0000,0.000,185,1056,5,6,0.802,0.200
2025-09-21 10:33:12,3536,0,0.016810,1.0000,0.000,185,1056,5,6,0.802,0.200
2025-09-21 10:33:14,3570,0,0.016810,1.0000,0.000,185,1056,5,6,0.802,0.200
2025-09-21 10:33:17,3604,0,0.016810,1.0000,0.000,185,1056,5,6,0.802,0.200
2025-09-21 10:33:21,3638,0,0.016810,1.0000,0.000,185,1056,5,6,0.802,0.200
2025-09-21 10:33:25,3672,0,0.016810,1.0000,0.000,185,1056,5,6,0.802,0.200
2025-09-21 10:33:27,3706,0,0.016810,1.0000,0.000,185,1056,5,6,0.802,0.200
2025-09-21 10:33:29,3740,1,0.018533,1.0000,0.000,185,1056,5,6,0.802,0.200
2025-09-21 10:33:32,3774,0,0.018533,1.0000,0.000,185,1056,5,6,0.802,0.200
2025-09-21 10:33:35,3808,0,0.018533,1.0000,0.000,185,1056,5,6,0.802,0.200
2025-09-21 10:33:38,3842,0,0.018533,1.0000,0.000,185,1056,5,6,0.802,0.200
2025-09-21 10:33:40,3876,0,0.018533,1.0000,0.000,185,1056,5,6,0.802,0.200
2025-09-21 10:33:43,3910,0,0.018533,1.0000,0.000,185,1056,5,6,0.802,0.200
2025-09-21 10:33:46,3944,0,0.018533,1.0000,0.000,185,1056,5,6,0.802,0.200
2025-09-21 10:33:49,3978,0,0.018533,1.0000,0.000,185,1056,5,6,0.802,0.200
2025-09-21 10:33:52,4012,0,0.018533,1.0000,0.000,185,1056,5,6,0.802,0.200
2025-09-21 10:33:54,4046,0,0.018533,1.0000,0.000,185,1056,5,6,0.802,0.200
2025-09-21 10:33:57,4080,0,0.018533,1.0000,0.000,185,1056,5,6,0.802,0.200
2025-09-21 10:33:59,4114,0,0.018533,1.0000,0.000,185,1056,5,6,0.802,0.200
2025-09-21 10:34:01,4148,0,0.018533,1.0000,0.000,185,1056,5,6,0.802,0.200
2025-09-21 10:34:02,4182,0,0.018533,1.0000,0.000,185,1056,5,6,0.802,0.200
2025-09-21 10:34:05,4216,0,0.018533,1.0000,0.000,185,1056,5,6,0.802,0.200
2025-09-21 10:34:06,4250,0,0.018533,1.0000,0.000,185,1056,5,6,0.802,0.200
2025-09-21 10:34:10,4284,0,0.018533,1.0000,0.000,185,1056,5,6,0.802,0.200
2025-09-21 10:34:14,4318,0,0.018533,1.0000,0.000,185,1056,5,6,0.802,0.200
2025-09-21 10:34:15,4352,0,0.018533,1.0000,0.000,185,1056,5,6,0.802,0.200
2025-09-21 10:34:19,4386,0,0.018533,1.0000,0.000,185,1056,5,6,0.802,0.200
2025-09-21 10:34:20,4420,0,0.018533,1.0000,0.000,185,1056,5,6,0.802,0.200
2025-09-21 10:34:24,4454,0,0.018533,1.0000,0.000,185,1056,5,6,0.802,0.200
2025-09-21 10:34:25,4488,0,0.018533,1.0000,0.000,185,1056,5,6,0.802,0.200
2025-09-21 10:34:26,4522,0,0.018533,1.0000,0.000,185,1056,5,6,0.802,0.200
2025-09-21 10:34:28,4556,0,0.018533,1.0000,0.000,185,1056,5,6,0.802,0.200
2025-09-21 10:34:29,4590,0,0.018533,1.0000,0.000,185,1056,5,6,0.802,0.200
2025-09-21 10:34:31,4624,0,0.018533,1.0000,0.000,185,1056,5,6,0.802,0.200
2025-09-21 10:34:34,4658,0,0.018533,1.0000,0.000,185,1056,5,6,0.802,0.200
2025-09-21 10:34:35,4692,0,0.018533,1.0000,0.000,185,1056,5,6,0.802,0.200
2025-09-21 10:34:39,4726,0,0.018533,1.0000,0.000,185,1056,5,6,0.802,0.200
2025-09-21 10:34:41,4760,0,0.018533,1.0000,0.000,185,1056,5,6,0.802,0.200
2025-09-21 10:34:44,4794,0,0.018533,1.0000,0.000,185,1056,5,6,0.802,0.200
2025-09-21 10:34:48,4828,0,0.018533,1.0000,0.000,185,1056,5,6,0.802,0.200
2025-09-21 10:34:50,4862,0,0.018533,1.0000,0.000,185,1056,5,6,0.802,0.200
2025-09-21 10:34:54,4896,0,0.018533,1.0000,0.000,185,1056,5,6,0.802,0.200
2025-09-21 10:34:56,4930,0,0.018533,1.0000,0.000,185,1056,5,6,0.802,0.200
2025-09-21 10:34:59,4964,0,0.018533,1.0000,0.000,185,1056,5,6,0.802,0.200
2025-09-21 10:35:01,4998,0,0.018533,1.0000,0.000,185,1056,5,6,0.802,0.200
2025-09-21 10:35:02,5032,0,0.018533,1.0000,0.000,185,1056,5,6,0.802,0.200
2025-09-21 10:35:04,5066,0,0.018533,1.0000,0.000,185,1056,5,6,0.802,0.200
2025-09-21 10:35:05,5100,0,0.018533,1.0000,0.000,185,1056,5,6,0.802,0.200
2025-09-21 10:35:08,5134,0,0.018533,1.0000,0.000,185,1056,5,6,0.802,0.200
2025-09-21 10:35:12,5168,0,0.018533,1.0000,0.000,185,1056,5,6,0.802,0.200
2025-09-21 10:35:15,5202,0,0.018533,1.0000,0.000,185,1056,5,6,0.802,0.200
2025-09-21 10:35:17,5236,0,0.018533,1.0000,0.000,185,1056,5,6,0.802,0.200
2025-09-21 10:35:20,5270,0,0.018533,1.0000,0.000,185,1056,5,6,0.802,0.200
2025-09-21 10:35:20,5304,0,0.018533,1.0000,0.000,185,1056,5,6,0.802,0.200
2025-09-21 10:35:22,5338,0,0.018533,1.0000,0.000,185,1056,5,6,0.802,0.200
2025-09-21 10:35:25,5372,1,0.028134,1.0000,0.000,185,1056,5,6,0.802,0.200
2025-09-21 10:35:29,5406,0,0.028134,1.0000,0.000,185,1056,5,6,0.802,0.200
2025-09-21 10:35:32,5440,0,0.028134,1.0000,0.000,185,1056,5,6,0.802,0.200
2025-09-21 10:35:35,5474,1,0.022585,1.0000,0.000,185,1056,5,6,0.802,0.200
2025-09-21 10:35:38,5508,0,0.022585,1.0000,0.000,185,1056,5,6,0.802,0.200
2025-09-21 10:35:41,5542,1,0.020002,1.0000,0.000,185,1056,5,6,0.802,0.200
2025-09-21 10:35:43,5576,0,0.020002,1.0000,0.000,185,1056,5,6,0.802,0.200
2025-09-21 10:35:47,5610,0,0.020002,1.0000,0.000,185,1056,5,6,0.802,0.200
2025-09-21 10:35:48,5644,1,0.018415,1.0000,0.000,185,1056,5,6,0.802,0.200
2025-09-21 10:35:52,5678,0,0.018415,1.0000,0.000,185,1056,5,6,0.802,0.200
2025-09-21 10:35:56,5712,0,0.018415,1.0000,0.000,185,1056,5,6,0.802,0.200
2025-09-21 10:35:57,5746,0,0.018415,1.0000,0.000,185,1056,5,6,0.802,0.200
2025-09-21 10:36:01,5780,0,0.018415,1.0000,0.000,185,1056,5,6,0.802,0.200
2025-09-21 10:36:04,5814,0,0.018415,1.0000,0.000,185,1056,5,6,0.802,0.200
2025-09-21 10:36:08,5848,0,0.018415,1.0000,0.000,185,1056,5,6,0.802,0.200
2025-09-21 10:36:10,5882,0,0.018415,1.0000,0.000,185,1056,5,6,0.802,0.200
2025-09-21 10:36:11,5916,0,0.018415,1.0000,0.000,185,1056,5,6,0.802,0.200
2025-09-21 10:36:15,5950,0,0.018415,1.0000,0.000,185,1056,5,6,0.802,0.200
2025-09-21 10:36:18,5984,0,0.018415,1.0000,0.000,185,1056,5,6,0.802,0.200
2025-09-21 10:36:19,6018,0,0.018415,1.0000,0.000,185,1056,5,6,0.802,0.200
2025-09-21 10:36:21,6052,0,0.018415,1.0000,0.000,185,1056,5,6,0.802,0.200
2025-09-21 10:36:24,6086,0,0.018415,1.0000,0.000,185,1056,5,6,0.802,0.200
2025-09-21 10:36:27,6120,0,0.018415,1.0000,0.000,185,1056,5,6,0.802,0.200
2025-09-21 10:36:30,6154,0,0.018415,1.0000,0.000,185,1056,5,6,0.802,0.200
2025-09-21 10:36:33,6188,0,0.018415,1.0000,0.000,185,1056,5,6,0.802,0.200
2025-09-21 10:36:36,6222,0,0.018415,1.0000,0.000,185,1056,5,6,0.802,0.200
2025-09-21 10:36:39,6256,0,0.018415,1.0000,0.000,185,1056,5,6,0.802,0.200
2025-09-21 10:36:41,6290,0,0.018415,1.0000,0.000,185,1056,5,6,0.802,0.200
2025-09-21 10:36:41,6324,1,0.018029,1.0000,0.000,185,1056,5,6,0.802,0.200
2025-09-21 10:36:45,6358,0,0.018029,1.0000,0.000,185,1056,5,6,0.802,0.200
2025-09-21 10:36:48,6392,0,0.018029,1.0000,0.000,185,1056,5,6,0.802,0.200
2025-09-21 10:36:50,6426,0,0.018029,1.0000,0.000,185,1056,5,6,0.802,0.200
2025-09-21 10:36:52,6460,0,0.018029,1.0000,0.000,185,1056,5,6,0.802,0.200
2025-09-21 10:36:56,6494,0,0.018029,1.0000,0.000,185,1056,5,6,0.802,0.200
2025-09-21 10:36:59,6528,0,0.018029,1.0000,0.000,185,1056,5,6,0.802,0.200
2025-09-21 10:37:00,6562,0,0.018029,1.0000,0.000,185,1056,5,6,0.802,0.200
2025-09-21 10:37:03,6596,0,0.018029,1.0000,0.000,185,1056,5,6,0.802,0.200
2025-09-21 10:37:07,6630,0,0.018029,1.0000,0.000,185,1056,5,6,0.802,0.200
2025-09-21 10:37:10,6664,0,0.018029,1.0000,0.000,185,1056,5,6,0.802,0.200
2025-09-21 10:37:14,6698,0,0.018029,1.0000,0.000,185,1056,5,6,0.802,0.200
2025-09-21 10:37:17,6732,0,0.018029,1.0000,0.000,185,1056,5,6,0.802,0.200
2025-09-21 10:37:21,6766,0,0.018029,1.0000,0.000,185,1056,5,6,0.802,0.200
2025-09-21 10:37:24,6800,0,0.018029,1.0000,0.000,185,1056,5,6,0.802,0.200
2025-09-21 10:37:27,6834,1,0.016840,1.0000,0.000,185,1056,5,6,0.802,0.200
2025-09-21 10:37:29,6868,0,0.016840,1.0000,0.000,185,1056,5,6,0.802,0.200
2025-09-21 10:37:29,6902,0,0.016840,1.0000,0.000,185,1056,5,6,0.802,0.200
2025-09-21 10:37:30,6936,0,0.016840,1.0000,0.000,185,1056,5,6,0.802,0.200
2025-09-21 10:37:34,6970,0,0.016840,1.0000,0.000,185,1056,5,6,0.802,0.200
2025-09-21 10:37:36,7004,0,0.016840,1.0000,0.000,185,1056,5,6,0.802,0.200
2025-09-21 11:19:44,34,0,0.016840,1.0000,0.000,185,1056,5,6,0.802,0.200
2025-09-21 11:19:45,68,0,0.016840,1.0000,0.000,185,1056,5,6,0.802,0.200
2025-09-21 11:19:48,102,0,0.016840,1.0000,0.000,185,1056,5,6,0.802,0.200
2025-09-21 11:19:52,136,0,0.016840,1.0000,0.000,185,1056,5,6,0.802,0.200
2025-09-21 11:19:55,170,0,0.016840,1.0000,0.000,185,1056,5,6,0.802,0.200
2025-09-21 11:19:58,204,0,0.016840,1.0000,0.000,185,1056,5,6,0.802,0.200
2025-09-21 11:20:02,238,0,0.016840,1.0000,0.000,185,1056,5,6,0.802,0.200
2025-09-21 11:20:05,272,0,0.016840,1.0000,0.000,185,1056,5,6,0.802,0.200
2025-09-21 11:20:08,306,0,0.016840,1.0000,0.000,185,1056,5,6,0.802,0.200
2025-09-21 11:20:12,340,0,0.016840,1.0000,0.000,185,1056,5,6,0.802,0.200
2025-09-21 11:20:13,374,0,0.016840,1.0000,0.000,185,1056,5,6,0.802,0.200
2025-09-21 11:20:17,408,0,0.016840,1.0000,0.000,185,1056,5,6,0.802,0.200
2025-09-21 11:20:20,442,0,0.016840,1.0000,0.000,185,1056,5,6,0.802,0.200
2025-09-21 11:20:22,476,0,0.016840,1.0000,0.000,185,1056,5,6,0.802,0.200
2025-09-21 11:20:25,510,0,0.016840,1.0000,0.000,185,1056,5,6,0.802,0.200
2025-09-21 11:20:27,544,0,0.016840,1.0000,0.000,185,1056,5,6,0.802,0.200
2025-09-21 11:20:30,578,0,0.016840,1.0000,0.000,185,1056,5,6,0.802,0.200
2025-09-21 11:20:32,612,0,0.016840,1.0000,0.000,185,1056,5,6,0.802,0.200
2025-09-21 11:20:35,646,0,0.016840,1.0000,0.000,185,1056,5,6,0.802,0.200
2025-09-21 11:20:37,680,0,0.016840,1.0000,0.000,185,1056,5,6,0.802,0.200
2025-09-21 11:20:40,714,0,0.016840,1.0000,0.000,185,1056,5,6,0.802,0.200
2025-09-21 11:20:42,748,0,0.016840,1.0000,0.000,185,1056,5,6,0.802,0.200
2025-09-21 11:20:44,782,1,0.036381,1.0000,0.000,185,1056,5,6,0.802,0.200
2025-09-21 11:20:47,816,1,0.027510,1.0000,0.000,185,1056,5,6,0.802,0.200
2025-09-21 11:20:50,850,0,0.027510,1.0000,0.000,185,1056,5,6,0.802,0.200
2025-09-21 11:20:52,884,1,0.021369,1.0000,0.000,185,1056,5,6,0.802,0.200
2025-09-21 11:20:54,918,0,0.021369,1.0000,0.000,185,1056,5,6,0.802,0.200
2025-09-21 11:20:55,952,1,0.017531,1.0000,0.000,192,1087,7,6,0.796,0.205
2025-09-21 11:20:56,986,0,0.017531,1.0000,0.000,192,1087,7,6,0.796,0.205
2025-09-21 11:20:59,1020,0,0.017531,1.0000,0.000,192,1087,7,6,0.796,0.205
2025-09-21 11:21:02,1054,0,0.017531,1.0000,0.000,192,1087,7,6,0.796,0.205
2025-09-21 11:21:02,1088,0,0.017531,1.0000,0.000,192,1087,7,6,0.796,0.205
2025-09-21 11:21:05,1122,0,0.017531,1.0000,0.000,192,1087,7,6,0.796,0.205
2025-09-21 11:21:05,1156,0,0.017531,1.0000,0.000,192,1087,7,6,0.796,0.205
2025-09-21 11:21:07,1190,0,0.017531,1.0000,0.000,192,1087,7,6,0.796,0.205
2025-09-21 11:21:08,1224,0,0.017531,1.0000,0.000,192,1087,7,6,0.796,0.205
2025-09-21 11:21:10,1258,0,0.017531,1.0000,0.000,192,1087,7,6,0.796,0.205
2025-09-21 11:21:12,1292,1,0.021666,1.0000,0.000,192,1087,7,6,0.796,0.205
2025-09-21 11:21:14,1326,0,0.021666,1.0000,0.000,192,1087,7,6,0.796,0.205
2025-09-21 11:21:19,1360,0,0.021666,1.0000,0.000,192,1087,7,6,0.796,0.205
2025-09-21 11:21:20,1394,0,0.021666,1.0000,0.000,192,1087,7,6,0.796,0.205
2025-09-21 11:21:22,1428,0,0.021666,1.0000,0.000,192,1087,7,6,0.796,0.205
2025-09-21 11:21:24,1462,0,0.021666,1.0000,0.000,192,1087,7,6,0.796,0.205
2025-09-21 11:21:25,1496,1,0.018712,1.0000,0.000,192,1087,7,6,0.796,0.205
2025-09-21 11:21:27,1530,0,0.018712,1.0000,0.000,192,1087,7,6,0.796,0.205
2025-09-21 11:21:28,1564,0,0.018712,1.0000,0.000,192,1087,7,6,0.796,0.205
2025-09-21 11:21:29,1598,0,0.018712,1.0000,0.000,192,1087,7,6,0.796,0.205
2025-09-21 11:21:33,1632,0,0.018712,1.0000,0.000,192,1087,7,6,0.796,0.205
2025-09-21 11:21:35,1666,0,0.018712,1.0000,0.000,192,1087,7,6,0.796,0.205
2025-09-21 11:21:38,1700,0,0.018712,1.0000,0.000,192,1087,7,6,0.796,0.205
2025-09-21 11:21:40,1734,0,0.018712,1.0000,0.000,192,1087,7,6,0.796,0.205
2025-09-21 11:21:43,1768,0,0.018712,1.0000,0.000,192,1087,7,6,0.796,0.205
2025-09-21 11:21:44,1802,0,0.018712,1.0000,0.000,192,1087,7,6,0.796,0.205
2025-09-21 11:21:45,1836,0,0.018712,1.0000,0.000,192,1087,7,6,0.796,0.205
2025-09-21 11:21:49,1870,0,0.018712,1.0000,0.000,192,1087,7,6,0.796,0.205
2025-09-21 11:21:52,1904,0,0.018712,1.0000,0.000,192,1087,7,6,0.796,0.205
2025-09-21 11:21:56,1938,0,0.018712,1.0000,0.000,192,1087,7,6,0.796,0.205
2025-09-21 11:21:59,1972,0,0.018712,1.0000,0.000,192,1087,7,6,0.796,0.205
2025-09-21 11:22:03,2006,0,0.018712,1.0000,0.000,192,1087,7,6,0.796,0.205
2025-09-21 11:22:05,2040,0,0.018712,1.0000,0.000,192,1087,7,6,0.796,0.205
2025-09-21 11:22:07,2074,0,0.018712,1.0000,0.000,192,1087,7,6,0.796,0.205
2025-09-21 11:22:11,2108,0,0.018712,1.0000,0.000,192,1087,7,6,0.796,0.205
2025-09-21 11:22:14,2142,0,0.018712,1.0000,0.000,192,1087,7,6,0.796,0.205
2025-09-21 11:22:16,2176,0,0.018712,1.0000,0.000,192,1087,7,6,0.796,0.205
2025-09-21 11:22:18,2210,0,0.018712,1.0000,0.000,192,1087,7,6,0.796,0.205
2025-09-21 11:22:20,2244,0,0.018712,1.0000,0.000,192,1087,7,6,0.796,0.205
2025-09-21 11:22:24,2278,0,0.018712,1.0000,0.000,192,1087,7,6,0.796,0.205
2025-09-21 11:22:26,2312,0,0.018712,1.0000,0.000,192,1087,7,6,0.796,0.205
2025-09-21 11:22:28,2346,0,0.018712,1.0000,0.000,192,1087,7,6,0.796,0.205
2025-09-21 11:22:32,2380,0,0.018712,1.0000,0.000,192,1087,7,6,0.796,0.205
2025-09-21 11:22:35,2414,0,0.018712,1.0000,0.000,192,1087,7,6,0.796,0.205
2025-09-21 11:22:38,2448,0,0.018712,1.0000,0.000,192,1087,7,6,0.796,0.205
2025-09-21 11:22:39,2482,0,0.018712,1.0000,0.000,192,1087,7,6,0.796,0.205
2025-09-21 11:22:43,2516,0,0.018712,1.0000,0.000,192,1087,7,6,0.796,0.205
2025-09-21 11:22:44,2550,0,0.018712,1.0000,0.000,192,1087,7,6,0.796,0.205
2025-09-21 11:22:46,2584,0,0.018712,1.0000,0.000,192,1087,7,6,0.796,0.205
2025-09-21 11:22:50,2618,0,0.018712,1.0000,0.000,192,1087,7,6,0.796,0.205
2025-09-21 11:22:51,2652,0,0.018712,1.0000,0.000,192,1087,7,6,0.796,0.205
2025-09-21 11:22:52,2686,0,0.018712,1.0000,0.000,192,1087,7,6,0.796,0.205
2025-09-21 11:22:56,2720,0,0.018712,1.0000,0.000,192,1087,7,6,0.796,0.205
2025-09-21 11:23:00,2754,0,0.018712,1.0000,0.000,192,1087,7,6,0.796,0.205
2025-09-21 11:23:03,2788,0,0.018712,1.0000,0.000,192,1087,7,6,0.796,0.205
2025-09-21 11:23:07,2822,0,0.018712,1.0000,0.000,192,1087,7,6,0.796,0.205
2025-09-21 11:23:11,2856,0,0.018712,1.0000,0.000,192,1087,7,6,0.796,0.205
2025-09-21 11:23:14,2890,0,0.018712,1.0000,0.000,192,1087,7,6,0.796,0.205
2025-09-21 11:23:15,2924,1,0.022025,1.0000,0.000,192,1087,7,6,0.796,0.205
2025-09-21 11:23:18,2958,0,0.022025,1.0000,0.000,192,1087,7,6,0.796,0.205
2025-09-21 11:23:22,2992,0,0.022025,1.0000,0.000,192,1087,7,6,0.796,0.205
2025-09-21 11:23:26,3026,0,0.022025,1.0000,0.000,192,1087,7,6,0.796,0.205
2025-09-21 11:23:27,3060,0,0.022025,1.0000,0.000,192,1087,7,6,0.796,0.205
2025-09-21 11:23:31,3094,0,0.022025,1.0000,0.000,192,1087,7,6,0.796,0.205
2025-09-21 11:23:32,3128,0,0.022025,1.0000,0.000,192,1087,7,6,0.796,0.205
2025-09-21 11:23:33,3162,0,0.022025,1.0000,0.000,192,1087,7,6,0.796,0.205
2025-09-21 11:23:37,3196,0,0.022025,1.0000,0.000,192,1087,7,6,0.796,0.205
2025-09-21 11:23:38,3230,1,0.042495,1.0000,0.000,192,1087,7,6,0.796,0.205
2025-09-21 11:23:41,3264,1,0.024985,1.0000,0.000,192,1087,7,6,0.796,0.205
2025-09-21 11:23:44,3298,1,0.022335,1.0000,0.000,192,1087,7,6,0.796,0.205
2025-09-21 11:23:48,3332,0,0.022335,1.0000,0.000,192,1087,7,6,0.796,0.205
2025-09-21 11:23:52,3366,0,0.022335,1.0000,0.000,192,1087,7,6,0.796,0.205
2025-09-21 11:23:56,3400,0,0.022335,1.0000,0.000,192,1087,7,6,0.796,0.205
2025-09-21 11:23:58,3434,0,0.022335,1.0000,0.000,192,1087,7,6,0.796,0.205
2025-09-21 11:24:01,3468,0,0.022335,1.0000,0.000,192,1087,7,6,0.796,0.205
2025-09-21 11:24:03,3502,0,0.022335,1.0000,0.000,192,1087,7,6,0.796,0.205
2025-09-21 11:24:05,3536,0,0.022335,1.0000,0.000,192,1087,7,6,0.796,0.205
2025-09-21 11:24:08,3570,1,0.013823,1.0000,0.000,192,1087,7,6,0.796,0.205
2025-09-21 11:24:08,3604,0,0.013823,1.0000,0.000,192,1087,7,6,0.796,0.205
2025-09-21 11:24:12,3638,0,0.013823,1.0000,0.000,192,1087,7,6,0.796,0.205
2025-09-21 11:24:16,3672,0,0.013823,1.0000,0.000,192,1087,7,6,0.796,0.205
2025-09-21 11:24:19,3706,0,0.013823,1.0000,0.000,192,1087,7,6,0.796,0.205
2025-09-21 11:24:21,3740,0,0.013823,1.0000,0.000,192,1087,7,6,0.796,0.205
2025-09-21 11:24:24,3774,0,0.013823,1.0000,0.000,192,1087,7,6,0.796,0.205
2025-09-21 11:24:28,3808,0,0.013823,1.0000,0.000,192,1087,7,6,0.796,0.205
2025-09-21 11:24:29,3842,0,0.013823,1.0000,0.000,192,1087,7,6,0.796,0.205
2025-09-21 11:24:31,3876,0,0.013823,1.0000,0.000,192,1087,7,6,0.796,0.205
2025-09-21 11:24:32,3910,0,0.013823,1.0000,0.000,192,1087,7,6,0.796,0.205
2025-09-21 11:24:35,3944,0,0.013823,1.0000,0.000,192,1087,7,6,0.796,0.205
2025-09-21 11:24:38,3978,0,0.013823,1.0000,0.000,192,1087,7,6,0.796,0.205
2025-09-21 11:24:41,4012,0,0.013823,1.0000,0.000,192,1087,7,6,0.796,0.205
2025-09-21 11:24:42,4046,0,0.013823,1.0000,0.000,192,1087,7,6,0.796,0.205
2025-09-21 11:24:44,4080,0,0.013823,1.0000,0.000,192,1087,7,6,0.796,0.205
2025-09-21 11:24:48,4114,0,0.013823,1.0000,0.000,192,1087,7,6,0.796,0.205
2025-09-21 11:24:50,4148,0,0.013823,1.0000,0.000,192,1087,7,6,0.796,0.205
2025-09-21 11:24:53,4182,0,0.013823,1.0000,0.000,192,1087,7,6,0.796,0.205
2025-09-21 11:24:54,4216,0,0.013823,1.0000,0.000,192,1087,7,6,0.796,0.205
2025-09-21 11:24:58,4250,0,0.013823,1.0000,0.000,192,1087,7,6,0.796,0.205
2025-09-21 11:25:02,4284,0,0.013823,1.0000,0.000,192,1087,7,6,0.796,0.205
2025-09-21 11:25:05,4318,0,0.013823,1.0000,0.000,192,1087,7,6,0.796,0.205
2025-09-21 11:25:09,4352,0,0.013823,1.0000,0.000,192,1087,7,6,0.796,0.205
2025-09-21 11:25:11,4386,0,0.013823,1.0000,0.000,192,1087,7,6,0.796,0.205
2025-09-21 11:25:13,4420,0,0.013823,1.0000,0.000,192,1087,7,6,0.796,0.205
2025-09-21 11:25:17,4454,0,0.013823,1.0000,0.000,192,1087,7,6,0.796,0.205
2025-09-21 11:25:20,4488,0,0.013823,1.0000,0.000,192,1087,7,6,0.796,0.205
2025-09-21 11:25:24,4522,0,0.013823,1.0000,0.000,192,1087,7,6,0.796,0.205
2025-09-21 11:25:25,4556,0,0.013823,1.0000,0.000,192,1087,7,6,0.796,0.205
2025-09-21 11:25:28,4590,0,0.013823,1.0000,0.000,192,1087,7,6,0.796,0.205
2025-09-21 11:25:30,4624,0,0.013823,1.0000,0.000,192,1087,7,6,0.796,0.205
2025-09-21 11:25:33,4658,0,0.013823,1.0000,0.000,192,1087,7,6,0.796,0.205
2025-09-21 11:25:36,4692,0,0.013823,1.0000,0.000,192,1087,7,6,0.796,0.205
2025-09-21 11:25:40,4726,0,0.013823,1.0000,0.000,192,1087,7,6,0.796,0.205
2025-09-21 11:25:42,4760,0,0.013823,1.0000,0.000,192,1087,7,6,0.796,0.205
2025-09-21 11:25:43,4794,0,0.013823,1.0000,0.000,192,1087,7,6,0.796,0.205
2025-09-21 11:25:44,4828,0,0.013823,1.0000,0.000,192,1087,7,6,0.796,0.205
2025-09-21 11:25:48,4862,0,0.013823,1.0000,0.000,192,1087,7,6,0.796,0.205
2025-09-21 11:25:50,4896,0,0.013823,1.0000,0.000,192,1087,7,6,0.796,0.205
2025-09-21 11:25:52,4930,0,0.013823,1.0000,0.000,192,1087,7,6,0.796,0.205
2025-09-21 11:25:54,4964,0,0.013823,1.0000,0.000,192,1087,7,6,0.796,0.205
2025-09-21 11:25:57,4998,0,0.013823,1.0000,0.000,192,1087,7,6,0.796,0.205
2025-09-21 11:26:00,5032,0,0.013823,1.0000,0.000,192,1087,7,6,0.796,0.205
2025-09-21 11:26:04,5066,0,0.013823,1.0000,0.000,192,1087,7,6,0.796,0.205
2025-09-21 11:26:07,5100,0,0.013823,1.0000,0.000,192,1087,7,6,0.796,0.205
2025-09-21 11:26:09,5134,0,0.013823,1.0000,0.000,192,1087,7,6,0.796,0.205
2025-09-21 11:26:11,5168,0,0.013823,1.0000,0.000,192,1087,7,6,0.796,0.205
2025-09-21 11:26:14,5202,0,0.013823,1.0000,0.000,192,1087,7,6,0.796,0.205
2025-09-21 11:26:17,5236,0,0.013823,1.0000,0.000,192,1087,7,6,0.796,0.205
2025-09-21 11:26:20,5270,0,0.013823,1.0000,0.000,192,1087,7,6,0.796,0.205
2025-09-21 11:26:24,5304,0,0.013823,1.0000,0.000,192,1087,7,6,0.796,0.205
2025-09-21 11:26:25,5338,0,0.013823,1.0000,0.000,192,1087,7,6,0.796,0.205
2025-09-21 11:26:29,5372,0,0.013823,1.0000,0.000,192,1087,7,6,0.796,0.205
2025-09-21 11:26:33,5406,0,0.013823,1.0000,0.000,192,1087,7,6,0.796,0.205
2025-09-21 11:26:35,5440,0,0.013823,1.0000,0.000,192,1087,7,6,0.796,0.205
2025-09-21 11:26:38,5474,0,0.013823,1.0000,0.000,192,1087,7,6,0.796,0.205
2025-09-21 11:26:41,5508,0,0.013823,1.0000,0.000,192,1087,7,6,0.796,0.205
2025-09-21 11:26:44,5542,0,0.013823,1.0000,0.000,192,1087,7,6,0.796,0.205
2025-09-21 11:26:46,5576,0,0.013823,1.0000,0.000,192,1087,7,6,0.796,0.205
2025-09-21 11:26:48,5610,0,0.013823,1.0000,0.000,192,1087,7,6,0.796,0.205
2025-09-21 11:26:50,5644,0,0.013823,1.0000,0.000,192,1087,7,6,0.796,0.205
2025-09-21 11:26:52,5678,0,0.013823,1.0000,0.000,192,1087,7,6,0.796,0.205
2025-09-21 11:26:53,5712,0,0.013823,1.0000,0.000,192,1087,7,6,0.796,0.205
2025-09-21 11:26:54,5746,1,0.024280,1.0000,0.000,182,1101,8,7,0.809,0.239
2025-09-21 11:26:54,5780,0,0.024280,1.0000,0.000,182,1101,8,7,0.809,0.239
2025-09-21 11:26:58,5814,0,0.024280,1.0000,0.000,182,1101,8,7,0.809,0.239
2025-09-21 11:27:00,5848,0,0.024280,1.0000,0.000,182,1101,8,7,0.809,0.239
2025-09-21 11:27:02,5882,0,0.024280,1.0000,0.000,182,1101,8,7,0.809,0.239
2025-09-21 11:27:03,5916,0,0.024280,1.0000,0.000,182,1101,8,7,0.809,0.239
2025-09-21 11:27:05,5950,0,0.024280,1.0000,0.000,182,1101,8,7,0.809,0.239
2025-09-21 11:27:07,5984,1,0.022361,1.0000,0.000,182,1101,8,7,0.809,0.239
2025-09-21 11:27:09,6018,0,0.022361,1.0000,0.000,182,1101,8,7,0.809,0.239
2025-09-21 11:27:10,6052,0,0.022361,1.0000,0.000,182,1101,8,7,0.809,0.239
2025-09-21 11:27:12,6086,0,0.022361,1.0000,0.000,182,1101,8,7,0.809,0.239
2025-09-21 11:27:13,6120,0,0.022361,1.0000,0.000,182,1101,8,7,0.809,0.239
2025-09-21 11:27:14,6154,1,0.020434,1.0000,0.000,182,1101,8,7,0.809,0.239
2025-09-21 11:27:16,6188,0,0.020434,1.0000,0.000,182,1101,8,7,0.809,0.239
2025-09-21 11:27:18,6222,0,0.020434,1.0000,0.000,182,1101,8,7,0.809,0.239
2025-09-21 11:27:21,6256,0,0.020434,1.0000,0.000,182,1101,8,7,0.809,0.239
2025-09-21 11:27:22,6290,0,0.020434,1.0000,0.000,182,1101,8,7,0.809,0.239
2025-09-21 11:27:24,6324,0,0.020434,1.0000,0.000,182,1101,8,7,0.809,0.239
2025-09-21 11:27:26,6358,0,0.020434,1.0000,0.000,182,1101,8,7,0.809,0.239
2025-09-21 11:27:26,6392,0,0.020434,1.0000,0.000,182,1101,8,7,0.809,0.239
2025-09-21 11:27:28,6426,0,0.020434,1.0000,0.000,182,1101,8,7,0.809,0.239
2025-09-21 11:27:29,6460,0,0.020434,1.0000,0.000,182,1101,8,7,0.809,0.239
2025-09-21 11:27:30,6494,0,0.020434,1.0000,0.000,182,1101,8,7,0.809,0.239
2025-09-21 11:27:32,6528,0,0.020434,1.0000,0.000,182,1101,8,7,0.809,0.239
2025-09-21 11:27:36,6562,0,0.020434,1.0000,0.000,182,1101,8,7,0.809,0.239
2025-09-21 11:27:38,6596,0,0.020434,1.0000,0.000,182,1101,8,7,0.809,0.239
2025-09-21 11:27:40,6630,0,0.020434,1.0000,0.000,182,1101,8,7,0.809,0.239
2025-09-21 11:27:42,6664,0,0.020434,1.0000,0.000,182,1101,8,7,0.809,0.239
2025-09-21 11:27:43,6698,0,0.020434,1.0000,0.000,182,1101,8,7,0.809,0.239
2025-09-21 11:27:45,6732,0,0.020434,1.0000,0.000,182,1101,8,7,0.809,0.239
2025-09-21 11:27:46,6766,1,0.019802,1.0000,0.000,182,1101,8,7,0.809,0.239
2025-09-21 11:27:48,6800,0,0.019802,1.0000,0.000,182,1101,8,7,0.809,0.239
2025-09-21 11:27:49,6834,0,0.019802,1.0000,0.000,182,1101,8,7,0.809,0.239
2025-09-21 11:27:50,6868,0,0.019802,1.0000,0.000,182,1101,8,7,0.809,0.239
2025-09-21 11:27:51,6902,0,0.019802,1.0000,0.000,182,1101,8,7,0.809,0.239
2025-09-21 11:27:52,6936,0,0.019802,1.0000,0.000,182,1101,8,7,0.809,0.239
2025-09-21 11:27:53,6970,0,0.019802,1.0000,0.000,182,1101,8,7,0.809,0.239
2025-09-21 11:27:54,7004,0,0.019802,1.0000,0.000,182,1101,8,7,0.809,0.239
2025-09-21 11:44:59,34,0,0.019802,1.0000,0.000,182,1101,8,7,0.809,0.239
2025-09-21 11:45:02,68,0,0.019802,1.0000,0.000,182,1101,8,7,0.809,0.239
2025-09-21 11:45:04,102,0,0.019802,1.0000,0.000,182,1101,8,7,0.809,0.239
2025-09-21 11:45:07,136,0,0.019802,1.0000,0.000,182,1101,8,7,0.809,0.239
2025-09-21 11:45:09,170,0,0.019802,1.0000,0.000,182,1101,8,7,0.809,0.239
2025-09-21 11:45:12,204,0,0.019802,1.0000,0.000,182,1101,8,7,0.809,0.239
2025-09-21 11:45:15,238,0,0.019802,1.0000,0.000,182,1101,8,7,0.809,0.239
2025-09-21 11:45:18,272,0,0.019802,1.0000,0.000,182,1101,8,7,0.809,0.239
2025-09-21 11:45:22,306,0,0.019802,1.0000,0.000,182,1101,8,7,0.809,0.239
2025-09-21 11:45:24,340,0,0.019802,1.0000,0.000,182,1101,8,7,0.809,0.239
2025-09-21 11:45:26,374,0,0.019802,1.0000,0.000,182,1101,8,7,0.809,0.239
2025-09-21 11:45:29,408,0,0.019802,1.0000,0.000,182,1101,8,7,0.809,0.239
2025-09-21 11:45:32,442,0,0.019802,1.0000,0.000,182,1101,8,7,0.809,0.239
2025-09-21 11:45:34,476,0,0.019802,1.0000,0.000,182,1101,8,7,0.809,0.239
2025-09-21 11:45:36,510,0,0.019802,1.0000,0.000,182,1101,8,7,0.809,0.239
2025-09-21 11:45:38,544,0,0.019802,1.0000,0.000,182,1101,8,7,0.809,0.239
2025-09-21 11:45:40,578,0,0.019802,1.0000,0.000,182,1101,8,7,0.809,0.239
2025-09-21 11:45:42,612,0,0.019802,1.0000,0.000,182,1101,8,7,0.809,0.239
2025-09-21 11:45:45,646,0,0.019802,1.0000,0.000,182,1101,8,7,0.809,0.239
2025-09-21 11:45:47,680,0,0.019802,1.0000,0.000,182,1101,8,7,0.809,0.239
2025-09-21 11:45:50,714,0,0.019802,1.0000,0.000,182,1101,8,7,0.809,0.239
2025-09-21 11:45:52,748,0,0.019802,1.0000,0.000,182,1101,8,7,0.809,0.239
2025-09-21 11:45:55,782,0,0.019802,1.0000,0.000,182,1101,8,7,0.809,0.239
2025-09-21 11:45:58,816,0,0.019802,1.0000,0.000,182,1101,8,7,0.809,0.239
2025-09-21 11:45:59,850,0,0.019802,1.0000,0.000,182,1101,8,7,0.809,0.239
2025-09-21 11:46:02,884,0,0.019802,1.0000,0.000,182,1101,8,7,0.809,0.239
2025-09-21 11:46:04,918,0,0.019802,1.0000,0.000,182,1101,8,7,0.809,0.239
2025-09-21 11:46:06,952,0,0.019802,1.0000,0.000,182,1101,8,7,0.809,0.239
2025-09-21 11:46:09,986,0,0.019802,1.0000,0.000,182,1101,8,7,0.809,0.239
2025-09-21 11:46:12,1020,0,0.019802,1.0000,0.000,182,1101,8,7,0.809,0.239
2025-09-21 11:46:15,1054,0,0.019802,1.0000,0.000,182,1101,8,7,0.809,0.239
2025-09-21 11:46:18,1088,0,0.019802,1.0000,0.000,182,1101,8,7,0.809,0.239
2025-09-21 11:46:21,1122,0,0.019802,1.0000,0.000,182,1101,8,7,0.809,0.239
2025-09-21 18:48:38,34,0,0.019802,1.0000,0.000,182,1101,8,7,0.809,0.239
2025-09-21 18:48:38,68,0,0.019802,1.0000,0.000,182,1101,8,7,0.809,0.239
2025-09-21 18:48:39,102,1,0.033239,1.0000,0.000,177,1138,7,6,0.809,0.222
2025-09-21 18:48:39,136,1,0.031534,1.0000,0.000,177,1138,7,6,0.809,0.222
2025-09-21 18:48:39,170,1,0.025267,1.0000,0.000,177,1138,7,6,0.809,0.222
2025-09-21 18:48:40,204,0,0.025267,1.0000,0.000,177,1138,7,6,0.809,0.222
2025-09-21 18:48:40,238,1,0.024599,1.0000,0.000,173,1085,7,7,0.840,0.219
2025-09-21 18:48:40,272,1,0.023953,1.0000,0.000,161,1026,8,8,0.869,0.209
2025-09-21 18:48:41,306,0,0.023953,1.0000,0.000,161,1026,8,8,0.869,0.209
2025-09-21 18:48:41,340,0,0.023953,1.0000,0.000,161,1026,8,8,0.869,0.209
2025-09-21 18:48:41,374,0,0.023953,1.0000,0.000,161,1026,8,8,0.869,0.209
2025-09-21 18:48:42,408,0,0.023953,1.0000,0.000,161,1026,8,8,0.869,0.209
2025-09-21 18:48:42,442,1,0.023599,1.0000,0.000,161,1026,8,8,0.869,0.209
2025-09-21 18:48:42,476,0,0.023599,1.0000,0.000,161,1026,8,8,0.869,0.209
2025-09-21 18:48:43,510,0,0.023599,1.0000,0.000,161,1026,8,8,0.869,0.209
2025-09-21 18:48:43,544,0,0.023599,1.0000,0.000,161,1026,8,8,0.869,0.209
2025-09-21 18:48:44,578,0,0.023599,1.0000,0.000,161,1026,8,8,0.869,0.209
2025-09-21 18:48:44,612,0,0.023599,1.0000,0.000,161,1026,8,8,0.869,0.209
2025-09-21 18:48:44,646,1,0.022467,1.0000,0.000,161,1026,8,8,0.869,0.209
2025-09-21 18:48:45,680,0,0.022467,1.0000,0.000,161,1026,8,8,0.869,0.209
2025-09-21 18:48:45,714,0,0.022467,1.0000,0.000,161,1026,8,8,0.869,0.209
2025-09-21 18:48:45,748,0,0.022467,1.0000,0.000,161,1026,8,8,0.869,0.209
2025-09-21 18:48:46,782,0,0.022467,1.0000,0.000,161,1026,8,8,0.869,0.209
2025-09-21 18:48:46,816,0,0.022467,1.0000,0.000,161,1026,8,8,0.869,0.209
2025-09-21 18:48:46,850,0,0.022467,1.0000,0.000,161,1026,8,8,0.869,0.209
2025-09-21 18:48:47,884,0,0.022467,1.0000,0.000,161,1026,8,8,0.869,0.209
2025-09-21 18:48:47,918,0,0.022467,1.0000,0.000,161,1026,8,8,0.869,0.209
2025-09-21 18:48:47,952,0,0.022467,1.0000,0.000,161,1026,8,8,0.869,0.209
2025-09-21 18:48:48,986,0,0.022467,1.0000,0.000,161,1026,8,8,0.869,0.209
2025-09-21 18:48:48,1020,1,0.022229,1.0000,0.000,161,1026,8,8,0.869,0.209
2025-09-21 18:48:48,1054,0,0.022229,1.0000,0.000,161,1026,8,8,0.869,0.209
2025-09-21 18:48:48,1088,0,0.022229,1.0000,0.000,161,1026,8,8,0.869,0.209
2025-09-21 18:48:49,1122,0,0.022229,1.0000,0.000,161,1026,8,8,0.869,0.209
2025-09-21 18:48:49,1156,1,0.032802,1.0000,0.000,157,1061,10,8,0.887,0.199
2025-09-21 18:48:49,1190,1,0.023607,1.0000,0.000,165,967,10,7,0.869,0.164
2025-09-21 18:48:50,1224,1,0.022431,1.0000,0.000,174,902,10,8,0.829,0.152
2025-09-21 18:48:50,1258,0,0.022431,1.0000,0.000,174,902,10,8,0.829,0.152
2025-09-21 18:48:50,1292,0,0.022431,1.0000,0.000,174,902,10,8,0.829,0.152
2025-09-21 18:48:51,1326,1,0.019340,1.0000,0.000,174,902,10,8,0.829,0.152
2025-09-21 18:48:51,1360,0,0.019340,1.0000,0.000,174,902,10,8,0.829,0.152
2025-09-21 18:48:51,1394,0,0.019340,1.0000,0.000,174,902,10,8,0.829,0.152
2025-09-21 18:48:52,1428,0,0.019340,1.0000,0.000,174,902,10,8,0.829,0.152
2025-09-21 18:48:52,1462,0,0.019340,1.0000,0.000,174,902,10,8,0.829,0.152
2025-09-21 18:48:52,1496,1,0.018969,1.0000,0.000,174,902,10,8,0.829,0.152
2025-09-21 18:48:52,1530,0,0.018969,1.0000,0.000,174,902,10,8,0.829,0.152
2025-09-21 18:48:53,1564,0,0.018969,1.0000,0.000,174,902,10,8,0.829,0.152
2025-09-21 18:48:53,1598,0,0.018969,1.0000,0.000,174,902,10,8,0.829,0.152
2025-09-21 18:48:54,1632,0,0.018969,1.0000,0.000,174,902,10,8,0.829,0.152
2025-09-21 18:48:54,1666,0,0.018969,1.0000,0.000,174,902,10,8,0.829,0.152
2025-09-21 18:48:54,1700,0,0.018969,1.0000,0.000,174,902,10,8,0.829,0.152
2025-09-21 18:48:55,1734,0,0.018969,1.0000,0.000,174,902,10,8,0.829,0.152
2025-09-21 18:48:55,1768,0,0.018969,1.0000,0.000,174,902,10,8,0.829,0.152
2025-09-21 18:48:55,1802,0,0.018969,1.0000,0.000,174,902,10,8,0.829,0.152
2025-09-21 18:48:56,1836,0,0.018969,1.0000,0.000,174,902,10,8,0.829,0.152
2025-09-21 18:48:56,1870,0,0.018969,1.0000,0.000,174,902,10,8,0.829,0.152
2025-09-21 18:48:56,1904,0,0.018969,1.0000,0.000,174,902,10,8,0.829,0.152
2025-09-21 18:48:57,1938,0,0.018969,1.0000,0.000,174,902,10,8,0.829,0.152
2025-09-21 18:48:57,1972,0,0.018969,1.0000,0.000,174,902,10,8,0.829,0.152
2025-09-21 18:48:58,2006,0,0.018969,1.0000,0.000,174,902,10,8,0.829,0.152
2025-09-21 18:48:58,2040,0,0.018969,1.0000,0.000,174,902,10,8,0.829,0.152
2025-09-21 18:48:58,2074,0,0.018969,1.0000,0.000,174,902,10,8,0.829,0.152
2025-09-21 18:48:59,2108,0,0.018969,1.0000,0.000,174,902,10,8,0.829,0.152
2025-09-21 18:48:59,2142,0,0.018969,1.0000,0.000,174,902,10,8,0.829,0.152
2025-09-21 18:48:59,2176,0,0.018969,1.0000,0.000,174,902,10,8,0.829,0.152
2025-09-21 18:49:00,2210,0,0.018969,1.0000,0.000,174,902,10,8,0.829,0.152
2025-09-21 18:49:00,2244,0,0.018969,1.0000,0.000,174,902,10,8,0.829,0.152
2025-09-21 18:49:00,2278,0,0.018969,1.0000,0.000,174,902,10,8,0.829,0.152
2025-09-21 18:49:01,2312,0,0.018969,1.0000,0.000,174,902,10,8,0.829,0.152
2025-09-21 18:49:01,2346,0,0.018969,1.0000,0.000,174,902,10,8,0.829,0.152
2025-09-21 18:49:01,2380,0,0.018969,1.0000,0.000,174,902,10,8,0.829,0.152
2025-09-21 18:49:02,2414,0,0.018969,1.0000,0.000,174,902,10,8,0.829,0.152
2025-09-21 18:49:02,2448,0,0.018969,1.0000,0.000,174,902,10,8,0.829,0.152
2025-09-21 18:49:02,2482,0,0.018969,1.0000,0.000,174,902,10,8,0.829,0.152
2025-09-21 18:49:03,2516,0,0.018969,1.0000,0.000,174,902,10,8,0.829,0.152
2025-09-21 18:49:03,2550,0,0.018969,1.0000,0.000,174,902,10,8,0.829,0.152
2025-09-21 18:49:03,2584,0,0.018969,1.0000,0.000,174,902,10,8,0.829,0.152
2025-09-21 18:49:04,2618,0,0.018969,1.0000,0.000,174,902,10,8,0.829,0.152
2025-09-21 18:49:04,2652,0,0.018969,1.0000,0.000,174,902,10,8,0.829,0.152
2025-09-21 18:49:04,2686,0,0.018969,1.0000,0.000,174,902,10,8,0.829,0.152
2025-09-21 18:49:04,2720,0,0.018969,1.0000,0.000,174,902,10,8,0.829,0.152
2025-09-21 18:49:05,2754,0,0.018969,1.0000,0.000,174,902,10,8,0.829,0.152
2025-09-21 18:49:05,2788,0,0.018969,1.0000,0.000,174,902,10,8,0.829,0.152
2025-09-21 18:49:05,2822,0,0.018969,1.0000,0.000,174,902,10,8,0.829,0.152
2025-09-21 18:49:06,2856,0,0.018969,1.0000,0.000,174,902,10,8,0.829,0.152
2025-09-21 18:49:06,2890,0,0.018969,1.0000,0.000,174,902,10,8,0.829,0.152
2025-09-21 18:49:06,2924,0,0.018969,1.0000,0.000,174,902,10,8,0.829,0.152
2025-09-21 18:49:07,2958,0,0.018969,1.0000,0.000,174,902,10,8,0.829,0.152
2025-09-21 18:49:07,2992,0,0.018969,1.0000,0.000,174,902,10,8,0.829,0.152
2025-09-21 18:49:07,3026,0,0.018969,1.0000,0.000,174,902,10,8,0.829,0.152
2025-09-21 18:49:08,3060,1,0.024978,1.0000,0.000,165,837,12,8,0.842,0.128
2025-09-21 18:49:08,3094,1,0.022158,1.0000,0.000,165,837,12,8,0.842,0.128
2025-09-21 18:49:08,3128,0,0.022158,1.0000,0.000,165,837,12,8,0.842,0.128
2025-09-21 18:49:09,3162,0,0.022158,1.0000,0.000,165,837,12,8,0.842,0.128
2025-09-21 18:49:09,3196,1,0.018612,1.0000,0.000,165,837,12,8,0.842,0.128
2025-09-21 18:49:09,3230,0,0.018612,1.0000,0.000,165,837,12,8,0.842,0.128
2025-09-21 18:49:10,3264,0,0.018612,1.0000,0.000,165,837,12,8,0.842,0.128
2025-09-21 18:49:10,3298,0,0.018612,1.0000,0.000,165,837,12,8,0.842,0.128
2025-09-21 18:49:10,3332,1,0.025810,1.0000,0.000,165,837,12,8,0.842,0.128
2025-09-21 18:49:11,3366,1,0.023745,1.0000,0.000,161,868,12,8,0.871,0.091
2025-09-21 18:49:11,3400,1,0.021372,1.0000,0.000,155,924,12,9,0.865,0.124
2025-09-21 18:49:11,3434,0,0.021372,1.0000,0.000,155,924,12,9,0.865,0.124
2025-09-21 18:49:11,3468,1,0.018486,1.0000,0.000,155,924,12,9,0.865,0.124
2025-09-21 18:49:12,3502,0,0.018486,1.0000,0.000,155,924,12,9,0.865,0.124
2025-09-21 18:49:12,3536,1,0.024722,1.0000,0.000,155,924,12,9,0.865,0.124
2025-09-21 18:49:12,3570,1,0.024243,1.0000,0.000,155,924,12,9,0.865,0.124
2025-09-21 18:49:13,3604,1,0.017244,1.0000,0.000,155,924,12,9,0.865,0.124
2025-09-21 18:49:13,3638,0,0.017244,1.0000,0.000,155,924,12,9,0.865,0.124
2025-09-21 18:49:13,3672,0,0.017244,1.0000,0.000,155,924,12,9,0.865,0.124
2025-09-21 18:49:14,3706,0,0.017244,1.0000,0.000,155,924,12,9,0.865,0.124
2025-09-21 18:49:14,3740,0,0.017244,1.0000,0.000,155,924,12,9,0.865,0.124
2025-09-21 18:49:14,3774,1,0.027880,1.0000,0.000,165,894,12,9,0.907,0.105
2025-09-21 18:49:15,3808,1,0.022448,1.0000,0.000,166,947,11,9,0.905,0.059
2025-09-21 18:49:15,3842,0,0.022448,1.0000,0.000,166,947,11,9,0.905,0.059
2025-09-21 18:49:16,3876,1,0.016386,1.0000,0.000,156,979,13,11,0.914,0.024
2025-09-21 18:49:16,3910,0,0.016386,1.0000,0.000,156,979,13,11,0.914,0.024
2025-09-21 18:49:16,3944,0,0.016386,1.0000,0.000,156,979,13,11,0.914,0.024
2025-09-21 18:49:16,3978,0,0.016386,1.0000,0.000,156,979,13,11,0.914,0.024
2025-09-21 18:49:17,4012,0,0.016386,1.0000,0.000,156,979,13,11,0.914,0.024
2025-09-21 18:49:17,4046,0,0.016386,1.0000,0.000,156,979,13,11,0.914,0.024
2025-09-21 18:49:17,4080,0,0.016386,1.0000,0.000,156,979,13,11,0.914,0.024
2025-09-21 18:49:18,4114,0,0.016386,1.0000,0.000,156,979,13,11,0.914,0.024
2025-09-21 18:49:18,4148,0,0.016386,1.0000,0.000,156,979,13,11,0.914,0.024
2025-09-21 18:49:18,4182,0,0.016386,1.0000,0.000,156,979,13,11,0.914,0.024
2025-09-21 18:49:19,4216,0,0.016386,1.0000,0.000,156,979,13,11,0.914,0.024
2025-09-21 18:49:19,4250,0,0.016386,1.0000,0.000,156,979,13,11,0.914,0.024
2025-09-21 18:49:20,4284,0,0.016386,1.0000,0.000,156,979,13,11,0.914,0.024
2025-09-21 18:49:20,4318,0,0.016386,1.0000,0.000,156,979,13,11,0.914,0.024
2025-09-21 18:49:20,4352,0,0.016386,1.0000,0.000,156,979,13,11,0.914,0.024
2025-09-21 18:49:20,4386,1,0.019298,1.0000,0.000,164,1017,14,10,0.950,0.037
2025-09-21 18:49:21,4420,0,0.019298,1.0000,0.000,164,1017,14,10,0.950,0.037
2025-09-21 18:49:21,4454,0,0.019298,1.0000,0.000,164,1017,14,10,0.950,0.037
2025-09-21 18:49:21,4488,0,0.019298,1.0000,0.000,164,1017,14,10,0.950,0.037
2025-09-21 18:49:22,4522,0,0.019298,1.0000,0.000,164,1017,14,10,0.950,0.037
2025-09-21 18:49:22,4556,0,0.019298,1.0000,0.000,164,1017,14,10,0.950,0.037
2025-09-21 18:49:22,4590,0,0.019298,1.0000,0.000,164,1017,14,10,0.950,0.037
2025-09-21 18:49:23,4624,0,0.019298,1.0000,0.000,164,1017,14,10,0.950,0.037
2025-09-21 18:49:23,4658,0,0.019298,1.0000,0.000,164,1017,14,10,0.950,0.037
2025-09-21 18:49:24,4692,0,0.019298,1.0000,0.000,164,1017,14,10,0.950,0.037
2025-09-21 18:49:24,4726,0,0.019298,1.0000,0.000,164,1017,14,10,0.950,0.037
2025-09-21 18:49:24,4760,0,0.019298,1.0000,0.000,164,1017,14,10,0.950,0.037
2025-09-21 18:49:25,4794,0,0.019298,1.0000,0.000,164,1017,14,10,0.950,0.037
2025-09-21 18:49:25,4828,0,0.019298,1.0000,0.000,164,1017,14,10,0.950,0.037
2025-09-21 18:49:25,4862,0,0.019298,1.0000,0.000,164,1017,14,10,0.950,0.037
2025-09-21 18:49:26,4896,0,0.019298,1.0000,0.000,164,1017,14,10,0.950,0.037
2025-09-21 18:49:26,4930,1,0.018827,1.0000,0.000,164,1017,14,10,0.950,0.037
2025-09-21 18:49:26,4964,0,0.018827,1.0000,0.000,164,1017,14,10,0.950,0.037
2025-09-21 18:49:27,4998,0,0.018827,1.0000,0.000,164,1017,14,10,0.950,0.037
2025-09-21 18:49:27,5032,0,0.018827,1.0000,0.000,164,1017,14,10,0.950,0.037
2025-09-21 18:49:27,5066,0,0.018827,1.0000,0.000,164,1017,14,10,0.950,0.037
2025-09-21 18:49:28,5100,0,0.018827,1.0000,0.000,164,1017,14,10,0.950,0.037
2025-09-21 18:49:28,5134,1,0.017613,1.0000,0.000,164,1017,14,10,0.950,0.037
2025-09-21 18:49:29,5168,1,0.017413,1.0000,0.000,164,1017,14,10,0.950,0.037
2025-09-21 18:49:29,5202,0,0.017413,1.0000,0.000,164,1017,14,10,0.950,0.037
2025-09-21 18:49:29,5236,0,0.017413,1.0000,0.000,164,1017,14,10,0.950,0.037
2025-09-21 18:49:30,5270,0,0.017413,1.0000,0.000,164,1017,14,10,0.950,0.037
2025-09-21 18:49:30,5304,0,0.017413,1.0000,0.000,164,1017,14,10,0.950,0.037
2025-09-21 18:49:31,5338,0,0.017413,1.0000,0.000,164,1017,14,10,0.950,0.037
2025-09-21 18:49:31,5372,0,0.017413,1.0000,0.000,164,1017,14,10,0.950,0.037
2025-09-21 18:49:32,5406,0,0.017413,1.0000,0.000,164,1017,14,10,0.950,0.037
2025-09-21 18:49:32,5440,0,0.017413,1.0000,0.000,164,1017,14,10,0.950,0.037
2025-09-21 18:49:32,5474,0,0.017413,1.0000,0.000,164,1017,14,10,0.950,0.037
2025-09-21 18:49:32,5508,0,0.017413,1.0000,0.000,164,1017,14,10,0.950,0.037
2025-09-21 18:49:33,5542,1,0.021079,1.0000,0.000,172,936,16,9,0.913,0.020
2025-09-21 18:49:33,5576,0,0.021079,1.0000,0.000,172,936,16,9,0.913,0.020
2025-09-21 18:49:33,5610,0,0.021079,1.0000,0.000,172,936,16,9,0.913,0.020
2025-09-21 18:49:34,5644,0,0.021079,1.0000,0.000,172,936,16,9,0.913,0.020
2025-09-21 18:49:34,5678,0,0.021079,1.0000,0.000,172,936,16,9,0.913,0.020
2025-09-21 18:49:34,5712,0,0.021079,1.0000,0.000,172,936,16,9,0.913,0.020
2025-09-21 18:49:35,5746,1,0.020036,1.0000,0.000,167,863,15,10,0.950,0.035
2025-09-21 18:49:35,5780,0,0.020036,1.0000,0.000,167,863,15,10,0.950,0.035
2025-09-21 18:49:35,5814,0,0.020036,1.0000,0.000,167,863,15,10,0.950,0.035
2025-09-21 18:49:36,5848,0,0.020036,1.0000,0.000,167,863,15,10,0.950,0.035
2025-09-21 18:49:36,5882,1,0.019632,1.0000,0.000,167,863,15,10,0.950,0.035
2025-09-21 18:49:36,5916,0,0.019632,1.0000,0.000,167,863,15,10,0.950,0.035
2025-09-21 18:49:37,5950,0,0.019632,1.0000,0.000,167,863,15,10,0.950,0.035
2025-09-21 18:49:37,5984,0,0.019632,1.0000,0.000,167,863,15,10,0.950,0.035
2025-09-21 18:49:38,6018,1,0.018818,1.0000,0.000,167,863,15,10,0.950,0.035
2025-09-21 18:49:38,6052,0,0.018818,1.0000,0.000,167,863,15,10,0.950,0.035
2025-09-21 18:49:38,6086,0,0.018818,1.0000,0.000,167,863,15,10,0.950,0.035
2025-09-21 18:49:39,6120,1,0.025996,1.0000,0.000,167,863,15,10,0.950,0.035
2025-09-21 18:49:39,6154,1,0.019841,1.0000,0.000,167,863,15,10,0.950,0.035
2025-09-21 18:49:39,6188,0,0.019841,1.0000,0.000,167,863,15,10,0.950,0.035
2025-09-21 18:49:40,6222,0,0.019841,1.0000,0.000,167,863,15,10,0.950,0.035
2025-09-21 18:49:40,6256,0,0.019841,1.0000,0.000,167,863,15,10,0.950,0.035
2025-09-21 18:49:40,6290,0,0.019841,1.0000,0.000,167,863,15,10,0.950,0.035
2025-09-21 18:49:40,6324,0,0.019841,1.0000,0.000,167,863,15,10,0.950,0.035
2025-09-21 18:49:41,6358,0,0.019841,1.0000,0.000,167,863,15,10,0.950,0.035
2025-09-21 18:49:41,6392,1,0.021392,1.0000,0.000,159,779,15,10,0.937,0.020
2025-09-21 18:49:42,6426,1,0.017119,1.0000,0.000,159,779,15,10,0.937,0.020
2025-09-21 18:49:42,6460,0,0.017119,1.0000,0.000,159,779,15,10,0.937,0.020
2025-09-21 18:49:42,6494,0,0.017119,1.0000,0.000,159,779,15,10,0.937,0.020
2025-09-21 18:49:43,6528,0,0.017119,1.0000,0.000,159,779,15,10,0.937,0.020
2025-09-21 18:49:43,6562,0,0.017119,1.0000,0.000,159,779,15,10,0.937,0.020
2025-09-21 18:49:43,6596,0,0.017119,1.0000,0.000,159,779,15,10,0.937,0.020
2025-09-21 18:49:44,6630,0,0.017119,1.0000,0.000,159,779,15,10,0.937,0.020
2025-09-21 18:49:44,6664,0,0.017119,1.0000,0.000,159,779,15,10,0.937,0.020
2025-09-21 18:49:45,6698,0,0.017119,1.0000,0.000,159,779,15,10,0.937,0.020
2025-09-21 18:49:45,6732,0,0.017119,1.0000,0.000,159,779,15,10,0.937,0.020
2025-09-21 18:49:45,6766,1,0.023391,1.0000,0.000,159,779,15,10,0.937,0.020
2025-09-21 18:49:46,6800,1,0.020057,1.0000,0.000,159,779,15,10,0.937,0.020
2025-09-21 18:49:46,6834,1,0.017549,1.0000,0.000,168,818,15,10,0.950,0.038
2025-09-21 18:49:47,6868,0,0.017549,1.0000,0.000,168,818,15,10,0.950,0.038
2025-09-21 18:49:47,6902,0,0.017549,1.0000,0.000,168,818,15,10,0.950,0.038
2025-09-21 18:49:47,6936,0,0.017549,1.0000,0.000,168,818,15,10,0.950,0.038
2025-09-21 18:49:48,6970,0,0.017549,1.0000,0.000,168,818,15,10,0.950,0.038
2025-09-21 18:49:48,7004,0,0.017549,1.0000,0.000,168,818,15,10,0.950,0.038
2025-09-21 22:00:56,34,0,0.017549,0.017549,1.0000,0.000,168,818,15,10,0.950,0.038
2025-09-21 22:00:56,68,0,0.017549,0.017549,1.0000,0.000,168,818,15,10,0.950,0.038
2025-09-21 22:00:57,102,0,0.017549,0.017549,1.0000,0.000,168,818,15,10,0.950,0.038
2025-09-21 22:00:57,136,1,0.025018,0.017549,1.0000,0.000,184,746,17,12,0.950,0.050
2025-09-21 22:00:58,170,0,0.025018,0.017549,1.0000,0.000,184,746,17,12,0.950,0.050
2025-09-21 22:00:58,204,1,0.019057,0.017549,1.0000,0.000,184,746,17,12,0.950,0.050
2025-09-21 22:00:59,238,0,0.019057,0.017549,1.0000,0.000,184,746,17,12,0.950,0.050
2025-09-21 22:00:59,272,1,0.017524,0.017524,1.0000,0.000,177,811,16,12,0.934,0.020
2025-09-21 22:00:59,306,0,0.017524,0.017524,1.0000,0.000,177,811,16,12,0.934,0.020
2025-09-21 22:01:00,340,0,0.017524,0.017524,1.0000,0.000,177,811,16,12,0.934,0.020
2025-09-21 22:01:00,374,0,0.017524,0.017524,1.0000,0.000,177,811,16,12,0.934,0.020
2025-09-21 22:01:00,408,0,0.017524,0.017524,1.0000,0.000,177,811,16,12,0.934,0.020
2025-09-21 22:01:01,442,0,0.017524,0.017524,1.0000,0.000,177,811,16,12,0.934,0.020
2025-09-21 22:01:01,476,0,0.017524,0.017524,1.0000,0.000,177,811,16,12,0.934,0.020
2025-09-21 22:01:01,510,0,0.017524,0.017524,1.0000,0.000,177,811,16,12,0.934,0.020
2025-09-21 22:01:02,544,0,0.017524,0.017524,1.0000,0.000,177,811,16,12,0.934,0.020
2025-09-21 22:01:02,578,0,0.017524,0.017524,1.0000,0.000,177,811,16,12,0.934,0.020
2025-09-21 22:01:02,612,0,0.017524,0.017524,1.0000,0.000,177,811,16,12,0.934,0.020
2025-09-21 22:01:03,646,0,0.017524,0.017524,1.0000,0.000,177,811,16,12,0.934,0.020
2025-09-21 22:01:03,680,0,0.017524,0.017524,1.0000,0.000,177,811,16,12,0.934,0.020
2025-09-21 22:01:04,714,0,0.017524,0.017524,1.0000,0.000,177,811,16,12,0.934,0.020
2025-09-21 22:01:04,748,0,0.017524,0.017524,1.0000,0.000,177,811,16,12,0.934,0.020
2025-09-21 22:01:04,782,0,0.017524,0.017524,1.0000,0.000,177,811,16,12,0.934,0.020
2025-09-21 22:01:05,816,0,0.017524,0.017524,1.0000,0.000,177,811,16,12,0.934,0.020
2025-09-21 22:01:05,850,0,0.017524,0.017524,1.0000,0.000,177,811,16,12,0.934,0.020
2025-09-21 22:01:05,884,0,0.017524,0.017524,1.0000,0.000,177,811,16,12,0.934,0.020
2025-09-21 22:01:06,918,0,0.017524,0.017524,1.0000,0.000,177,811,16,12,0.934,0.020
2025-09-21 22:01:06,952,0,0.017524,0.017524,1.0000,0.000,177,811,16,12,0.934,0.020
2025-09-21 22:01:06,986,0,0.017524,0.017524,1.0000,0.000,177,811,16,12,0.934,0.020
2025-09-21 22:01:07,1020,0,0.017524,0.017524,1.0000,0.000,177,811,16,12,0.934,0.020
2025-09-21 22:01:07,1054,0,0.017524,0.017524,1.0000,0.000,177,811,16,12,0.934,0.020
2025-09-21 22:01:07,1088,0,0.017524,0.017524,1.0000,0.000,177,811,16,12,0.934,0.020
2025-09-21 22:01:08,1122,0,0.017524,0.017524,1.0000,0.000,177,811,16,12,0.934,0.020
2025-09-21 22:01:08,1156,0,0.017524,0.017524,1.0000,0.000,177,811,16,12,0.934,0.020
2025-09-21 22:01:08,1190,0,0.017524,0.017524,1.0000,0.000,177,811,16,12,0.934,0.020
2025-09-21 22:01:09,1224,0,0.017524,0.017524,1.0000,0.000,177,811,16,12,0.934,0.020
2025-09-21 22:01:09,1258,0,0.017524,0.017524,1.0000,0.000,177,811,16,12,0.934,0.020
2025-09-21 22:01:10,1292,0,0.017524,0.017524,1.0000,0.000,177,811,16,12,0.934,0.020
2025-09-21 22:01:10,1326,0,0.017524,0.017524,1.0000,0.000,177,811,16,12,0.934,0.020
2025-09-21 22:01:10,1360,0,0.017524,0.017524,1.0000,0.000,177,811,16,12,0.934,0.020
2025-09-21 22:01:11,1394,0,0.017524,0.017524,1.0000,0.000,177,811,16,12,0.934,0.020
2025-09-21 22:01:11,1428,0,0.017524,0.017524,1.0000,0.000,177,811,16,12,0.934,0.020
2025-09-21 22:01:11,1462,0,0.017524,0.017524,1.0000,0.000,177,811,16,12,0.934,0.020
2025-09-21 22:01:12,1496,0,0.017524,0.017524,1.0000,0.000,177,811,16,12,0.934,0.020
2025-09-21 22:01:12,1530,0,0.017524,0.017524,1.0000,0.000,177,811,16,12,0.934,0.020
2025-09-21 22:01:12,1564,0,0.017524,0.017524,1.0000,0.000,177,811,16,12,0.934,0.020
2025-09-21 22:01:13,1598,1,0.017003,0.017003,1.0000,0.000,177,811,16,12,0.934,0.020
2025-09-21 22:01:13,1632,0,0.017003,0.017003,1.0000,0.000,177,811,16,12,0.934,0.020
2025-09-21 22:01:13,1666,0,0.017003,0.017003,1.0000,0.000,177,811,16,12,0.934,0.020
2025-09-21 22:01:14,1700,0,0.017003,0.017003,1.0000,0.000,177,811,16,12,0.934,0.020
2025-09-21 22:01:14,1734,0,0.017003,0.017003,1.0000,0.000,177,811,16,12,0.934,0.020
2025-09-21 22:01:15,1768,0,0.017003,0.017003,1.0000,0.000,177,811,16,12,0.934,0.020
2025-09-21 22:01:15,1802,0,0.017003,0.017003,1.0000,0.000,177,811,16,12,0.934,0.020
2025-09-21 22:01:15,1836,0,0.017003,0.017003,1.0000,0.000,177,811,16,12,0.934,0.020
2025-09-21 22:01:15,1870,0,0.017003,0.017003,1.0000,0.000,177,811,16,12,0.934,0.020
2025-09-21 22:01:16,1904,0,0.017003,0.017003,1.0000,0.000,177,811,16,12,0.934,0.020
2025-09-21 22:01:16,1938,1,0.016448,0.016448,1.0000,0.000,177,811,16,12,0.934,0.020
2025-09-21 22:01:16,1972,0,0.016448,0.016448,1.0000,0.000,177,811,16,12,0.934,0.020
2025-09-21 22:01:17,2006,0,0.016448,0.016448,1.0000,0.000,177,811,16,12,0.934,0.020
2025-09-21 22:01:17,2040,0,0.016448,0.016448,1.0000,0.000,177,811,16,12,0.934,0.020
2025-09-21 22:01:18,2074,0,0.016448,0.016448,1.0000,0.000,177,811,16,12,0.934,0.020
2025-09-21 22:01:18,2108,0,0.016448,0.016448,1.0000,0.000,177,811,16,12,0.934,0.020
2025-09-21 22:01:18,2142,0,0.016448,0.016448,1.0000,0.000,177,811,16,12,0.934,0.020
2025-09-21 22:01:19,2176,0,0.016448,0.016448,1.0000,0.000,177,811,16,12,0.934,0.020
2025-09-21 22:01:19,2210,0,0.016448,0.016448,1.0000,0.000,177,811,16,12,0.934,0.020
2025-09-21 22:01:20,2244,0,0.016448,0.016448,1.0000,0.000,177,811,16,12,0.934,0.020
2025-09-21 22:01:20,2278,0,0.016448,0.016448,1.0000,0.000,177,811,16,12,0.934,0.020
2025-09-21 22:01:21,2312,0,0.016448,0.016448,1.0000,0.000,177,811,16,12,0.934,0.020
2025-09-21 22:01:21,2346,0,0.016448,0.016448,1.0000,0.000,177,811,16,12,0.934,0.020
2025-09-21 22:01:22,2380,0,0.016448,0.016448,1.0000,0.000,177,811,16,12,0.934,0.020
2025-09-21 22:01:22,2414,0,0.016448,0.016448,1.0000,0.000,177,811,16,12,0.934,0.020
2025-09-21 22:01:22,2448,0,0.016448,0.016448,1.0000,0.000,177,811,16,12,0.934,0.020
2025-09-21 22:01:22,2482,0,0.016448,0.016448,1.0000,0.000,177,811,16,12,0.934,0.020
2025-09-21 22:01:23,2516,0,0.016448,0.016448,1.0000,0.000,177,811,16,12,0.934,0.020
2025-09-21 22:01:23,2550,0,0.016448,0.016448,1.0000,0.000,177,811,16,12,0.934,0.020
2025-09-21 22:01:24,2584,0,0.016448,0.016448,1.0000,0.000,177,811,16,12,0.934,0.020
2025-09-21 22:01:24,2618,0,0.016448,0.016448,1.0000,0.000,177,811,16,12,0.934,0.020
2025-09-21 22:01:24,2652,0,0.016448,0.016448,1.0000,0.000,177,811,16,12,0.934,0.020
2025-09-21 22:01:25,2686,0,0.016448,0.016448,1.0000,0.000,177,811,16,12,0.934,0.020
2025-09-21 22:01:25,2720,0,0.016448,0.016448,1.0000,0.000,177,811,16,12,0.934,0.020
2025-09-21 22:01:25,2754,0,0.016448,0.016448,1.0000,0.000,177,811,16,12,0.934,0.020
2025-09-21 22:01:26,2788,0,0.016448,0.016448,1.0000,0.000,177,811,16,12,0.934,0.020
2025-09-21 22:01:26,2822,0,0.016448,0.016448,1.0000,0.000,177,811,16,12,0.934,0.020
2025-09-21 22:01:26,2856,0,0.016448,0.016448,1.0000,0.000,177,811,16,12,0.934,0.020
2025-09-21 22:01:27,2890,0,0.016448,0.016448,1.0000,0.000,177,811,16,12,0.934,0.020
2025-09-21 22:01:27,2924,0,0.016448,0.016448,1.0000,0.000,177,811,16,12,0.934,0.020
2025-09-21 22:01:27,2958,0,0.016448,0.016448,1.0000,0.000,177,811,16,12,0.934,0.020
2025-09-21 22:01:27,2992,0,0.016448,0.016448,1.0000,0.000,177,811,16,12,0.934,0.020
2025-09-21 22:01:28,3026,0,0.016448,0.016448,1.0000,0.000,177,811,16,12,0.934,0.020
2025-09-21 22:01:28,3060,0,0.016448,0.016448,1.0000,0.000,177,811,16,12,0.934,0.020
2025-09-21 22:01:29,3094,0,0.016448,0.016448,1.0000,0.000,177,811,16,12,0.934,0.020
2025-09-21 22:01:30,3128,0,0.016448,0.016448,1.0000,0.000,177,811,16,12,0.934,0.020
2025-09-21 22:01:30,3162,0,0.016448,0.016448,1.0000,0.000,177,811,16,12,0.934,0.020
2025-09-21 22:01:30,3196,0,0.016448,0.016448,1.0000,0.000,177,811,16,12,0.934,0.020
2025-09-21 22:01:31,3230,0,0.016448,0.016448,1.0000,0.000,177,811,16,12,0.934,0.020
2025-09-21 22:01:31,3264,0,0.016448,0.016448,1.0000,0.000,177,811,16,12,0.934,0.020
2025-09-21 22:01:31,3298,0,0.016448,0.016448,1.0000,0.000,177,811,16,12,0.934,0.020
2025-09-21 22:01:32,3332,0,0.016448,0.016448,1.0000,0.000,177,811,16,12,0.934,0.020
2025-09-21 22:01:32,3366,0,0.016448,0.016448,1.0000,0.000,177,811,16,12,0.934,0.020
2025-09-21 22:01:32,3400,0,0.016448,0.016448,1.0000,0.000,177,811,16,12,0.934,0.020
2025-09-21 22:01:33,3434,0,0.016448,0.016448,1.0000,0.000,177,811,16,12,0.934,0.020
2025-09-21 22:01:33,3468,0,0.016448,0.016448,1.0000,0.000,177,811,16,12,0.934,0.020
2025-09-21 22:01:33,3502,0,0.016448,0.016448,1.0000,0.000,177,811,16,12,0.934,0.020
2025-09-21 22:01:34,3536,0,0.016448,0.016448,1.0000,0.000,177,811,16,12,0.934,0.020
2025-09-21 22:01:34,3570,0,0.016448,0.016448,1.0000,0.000,177,811,16,12,0.934,0.020
2025-09-21 22:01:34,3604,0,0.016448,0.016448,1.0000,0.000,177,811,16,12,0.934,0.020
2025-09-21 22:01:35,3638,0,0.016448,0.016448,1.0000,0.000,177,811,16,12,0.934,0.020
2025-09-21 22:01:35,3672,0,0.016448,0.016448,1.0000,0.000,177,811,16,12,0.934,0.020
2025-09-21 22:01:35,3706,0,0.016448,0.016448,1.0000,0.000,177,811,16,12,0.934,0.020
2025-09-21 22:01:36,3740,0,0.016448,0.016448,1.0000,0.000,177,811,16,12,0.934,0.020
2025-09-21 22:01:36,3774,0,0.016448,0.016448,1.0000,0.000,177,811,16,12,0.934,0.020
2025-09-21 22:01:37,3808,0,0.016448,0.016448,1.0000,0.000,177,811,16,12,0.934,0.020
2025-09-21 22:01:37,3842,0,0.016448,0.016448,1.0000,0.000,177,811,16,12,0.934,0.020
2025-09-21 22:01:37,3876,0,0.016448,0.016448,1.0000,0.000,177,811,16,12,0.934,0.020
2025-09-21 22:01:37,3910,0,0.016448,0.016448,1.0000,0.000,177,811,16,12,0.934,0.020
2025-09-21 22:01:38,3944,0,0.016448,0.016448,1.0000,0.000,177,811,16,12,0.934,0.020
2025-09-21 22:01:38,3978,0,0.016448,0.016448,1.0000,0.000,177,811,16,12,0.934,0.020
2025-09-21 22:01:38,4012,0,0.016448,0.016448,1.0000,0.000,177,811,16,12,0.934,0.020
2025-09-21 22:01:39,4046,0,0.016448,0.016448,1.0000,0.000,177,811,16,12,0.934,0.020
2025-09-21 22:01:39,4080,0,0.016448,0.016448,1.0000,0.000,177,811,16,12,0.934,0.020
2025-09-21 22:01:39,4114,1,0.021438,0.016448,1.0000,0.000,177,811,16,12,0.934,0.020
2025-09-21 22:01:40,4148,0,0.021438,0.016448,1.0000,0.000,177,811,16,12,0.934,0.020
2025-09-21 22:01:40,4182,0,0.021438,0.016448,1.0000,0.000,177,811,16,12,0.934,0.020
2025-09-21 22:01:40,4216,1,0.018054,0.016448,1.0000,0.000,177,811,16,12,0.934,0.020
2025-09-21 22:01:41,4250,0,0.018054,0.016448,1.0000,0.000,177,811,16,12,0.934,0.020
2025-09-21 22:01:41,4284,0,0.018054,0.016448,1.0000,0.000,177,811,16,12,0.934,0.020
2025-09-21 22:01:41,4318,0,0.018054,0.016448,1.0000,0.000,177,811,16,12,0.934,0.020
2025-09-21 22:01:41,4352,0,0.018054,0.016448,1.0000,0.000,177,811,16,12,0.934,0.020
2025-09-21 22:01:42,4386,0,0.018054,0.016448,1.0000,0.000,177,811,16,12,0.934,0.020
2025-09-21 22:01:42,4420,0,0.018054,0.016448,1.0000,0.000,177,811,16,12,0.934,0.020
2025-09-21 22:01:42,4454,0,0.018054,0.016448,1.0000,0.000,177,811,16,12,0.934,0.020
2025-09-21 22:01:43,4488,0,0.018054,0.016448,1.0000,0.000,177,811,16,12,0.934,0.020
2025-09-21 22:01:43,4522,0,0.018054,0.016448,1.0000,0.000,177,811,16,12,0.934,0.020
2025-09-21 22:01:43,4556,1,0.017842,0.016448,1.0000,0.000,177,811,16,12,0.934,0.020
2025-09-21 22:01:44,4590,0,0.017842,0.016448,1.0000,0.000,177,811,16,12,0.934,0.020
2025-09-21 22:01:44,4624,0,0.017842,0.016448,1.0000,0.000,177,811,16,12,0.934,0.020
2025-09-21 22:01:44,4658,0,0.017842,0.016448,1.0000,0.000,177,811,16,12,0.934,0.020
2025-09-21 22:01:45,4692,0,0.017842,0.016448,1.0000,0.000,177,811,16,12,0.934,0.020
2025-09-21 22:01:45,4726,0,0.017842,0.016448,1.0000,0.000,177,811,16,12,0.934,0.020
2025-09-21 22:01:45,4760,0,0.017842,0.016448,1.0000,0.000,177,811,16,12,0.934,0.020
2025-09-21 22:01:46,4794,0,0.017842,0.016448,1.0000,0.000,177,811,16,12,0.934,0.020
2025-09-21 22:01:46,4828,0,0.017842,0.016448,1.0000,0.000,177,811,16,12,0.934,0.020
2025-09-21 22:01:46,4862,0,0.017842,0.016448,1.0000,0.000,177,811,16,12,0.934,0.020
2025-09-21 22:01:47,4896,0,0.017842,0.016448,1.0000,0.000,177,811,16,12,0.934,0.020
2025-09-21 22:01:47,4930,0,0.017842,0.016448,1.0000,0.000,177,811,16,12,0.934,0.020
2025-09-21 22:01:48,4964,0,0.017842,0.016448,1.0000,0.000,177,811,16,12,0.934,0.020
2025-09-21 22:01:48,4998,0,0.017842,0.016448,1.0000,0.000,177,811,16,12,0.934,0.020
2025-09-21 22:01:48,5032,0,0.017842,0.016448,1.0000,0.000,177,811,16,12,0.934,0.020
2025-09-21 22:01:49,5066,0,0.017842,0.016448,1.0000,0.000,177,811,16,12,0.934,0.020
2025-09-21 22:01:49,5100,0,0.017842,0.016448,1.0000,0.000,177,811,16,12,0.934,0.020
2025-09-21 22:01:49,5134,0,0.017842,0.016448,1.0000,0.000,177,811,16,12,0.934,0.020
2025-09-21 22:01:50,5168,0,0.017842,0.016448,1.0000,0.000,177,811,16,12,0.934,0.020
2025-09-21 22:01:50,5202,0,0.017842,0.016448,1.0000,0.000,177,811,16,12,0.934,0.020
2025-09-21 22:01:50,5236,0,0.017842,0.016448,1.0000,0.000,177,811,16,12,0.934,0.020
2025-09-21 22:01:51,5270,0,0.017842,0.016448,1.0000,0.000,177,811,16,12,0.934,0.020
2025-09-21 22:01:51,5304,0,0.017842,0.016448,1.0000,0.000,177,811,16,12,0.934,0.020
2025-09-21 22:01:51,5338,0,0.017842,0.016448,1.0000,0.000,177,811,16,12,0.934,0.020
2025-09-21 22:01:52,5372,0,0.017842,0.016448,1.0000,0.000,177,811,16,12,0.934,0.020
2025-09-21 22:01:52,5406,0,0.017842,0.016448,1.0000,0.000,177,811,16,12,0.934,0.020
2025-09-21 22:01:52,5440,0,0.017842,0.016448,1.0000,0.000,177,811,16,12,0.934,0.020
2025-09-21 22:01:53,5474,0,0.017842,0.016448,1.0000,0.000,177,811,16,12,0.934,0.020
2025-09-21 22:01:53,5508,0,0.017842,0.016448,1.0000,0.000,177,811,16,12,0.934,0.020
2025-09-21 22:01:53,5542,0,0.017842,0.016448,1.0000,0.000,177,811,16,12,0.934,0.020
2025-09-21 22:01:54,5576,0,0.017842,0.016448,1.0000,0.000,177,811,16,12,0.934,0.020
2025-09-21 22:01:54,5610,0,0.017842,0.016448,1.0000,0.000,177,811,16,12,0.934,0.020
2025-09-21 22:01:55,5644,0,0.017842,0.016448,1.0000,0.000,177,811,16,12,0.934,0.020
2025-09-21 22:01:55,5678,0,0.017842,0.016448,1.0000,0.000,177,811,16,12,0.934,0.020
2025-09-21 22:01:56,5712,1,0.017534,0.016448,1.0000,0.000,177,811,16,12,0.934,0.020
2025-09-21 22:01:56,5746,0,0.017534,0.016448,1.0000,0.000,177,811,16,12,0.934,0.020
2025-09-21 22:01:56,5780,0,0.017534,0.016448,1.0000,0.000,177,811,16,12,0.934,0.020
2025-09-21 22:01:57,5814,0,0.017534,0.016448,1.0000,0.000,177,811,16,12,0.934,0.020
2025-09-21 22:01:57,5848,0,0.017534,0.016448,1.0000,0.000,177,811,16,12,0.934,0.020
2025-09-21 22:01:57,5882,0,0.017534,0.016448,1.0000,0.000,177,811,16,12,0.934,0.020
2025-09-21 22:01:58,5916,0,0.017534,0.016448,1.0000,0.000,177,811,16,12,0.934,0.020
2025-09-21 22:01:58,5950,0,0.017534,0.016448,1.0000,0.000,177,811,16,12,0.934,0.020
2025-09-21 22:01:58,5984,0,0.017534,0.016448,1.0000,0.000,177,811,16,12,0.934,0.020
2025-09-21 22:01:59,6018,0,0.017534,0.016448,1.0000,0.000,177,811,16,12,0.934,0.020
2025-09-21 22:01:59,6052,0,0.017534,0.016448,1.0000,0.000,177,811,16,12,0.934,0.020
2025-09-21 22:01:59,6086,0,0.017534,0.016448,1.0000,0.000,177,811,16,12,0.934,0.020
2025-09-21 22:01:59,6120,0,0.017534,0.016448,1.0000,0.000,177,811,16,12,0.934,0.020
2025-09-21 22:02:00,6154,0,0.017534,0.016448,1.0000,0.000,177,811,16,12,0.934,0.020
2025-09-21 22:02:00,6188,0,0.017534,0.016448,1.0000,0.000,177,811,16,12,0.934,0.020
2025-09-21 22:02:00,6222,0,0.017534,0.016448,1.0000,0.000,177,811,16,12,0.934,0.020
2025-09-21 22:02:01,6256,0,0.017534,0.016448,1.0000,0.000,177,811,16,12,0.934,0.020
2025-09-21 22:02:01,6290,0,0.017534,0.016448,1.0000,0.000,177,811,16,12,0.934,0.020
2025-09-21 22:02:02,6324,0,0.017534,0.016448,1.0000,0.000,177,811,16,12,0.934,0.020
2025-09-21 22:02:02,6358,0,0.017534,0.016448,1.0000,0.000,177,811,16,12,0.934,0.020
2025-09-21 22:02:02,6392,0,0.017534,0.016448,1.0000,0.000,177,811,16,12,0.934,0.020
2025-09-21 22:02:03,6426,0,0.017534,0.016448,1.0000,0.000,177,811,16,12,0.934,0.020
2025-09-21 22:02:03,6460,0,0.017534,0.016448,1.0000,0.000,177,811,16,12,0.934,0.020
2025-09-21 22:02:04,6494,0,0.017534,0.016448,1.0000,0.000,177,811,16,12,0.934,0.020
2025-09-21 22:02:04,6528,0,0.017534,0.016448,1.0000,0.000,177,811,16,12,0.934,0.020
2025-09-21 22:02:04,6562,0,0.017534,0.016448,1.0000,0.000,177,811,16,12,0.934,0.020
2025-09-21 22:02:05,6596,0,0.017534,0.016448,1.0000,0.000,177,811,16,12,0.934,0.020
2025-09-21 22:02:05,6630,0,0.017534,0.016448,1.0000,0.000,177,811,16,12,0.934,0.020
2025-09-21 22:02:05,6664,0,0.017534,0.016448,1.0000,0.000,177,811,16,12,0.934,0.020
2025-09-21 22:02:05,6698,0,0.017534,0.016448,1.0000,0.000,177,811,16,12,0.934,0.020
2025-09-21 22:02:06,6732,0,0.017534,0.016448,1.0000,0.000,177,811,16,12,0.934,0.020
2025-09-21 22:02:06,6766,0,0.017534,0.016448,1.0000,0.000,177,811,16,12,0.934,0.020
2025-09-21 22:02:06,6800,0,0.017534,0.016448,1.0000,0.000,177,811,16,12,0.934,0.020
2025-09-21 22:02:07,6834,1,0.019378,0.016448,1.0000,0.000,177,811,16,12,0.934,0.020
2025-09-21 22:02:07,6868,0,0.019378,0.016448,1.0000,0.000,177,811,16,12,0.934,0.020
2025-09-21 22:02:07,6902,0,0.019378,0.016448,1.0000,0.000,177,811,16,12,0.934,0.020
2025-09-21 22:02:08,6936,1,0.021503,0.016448,1.0000,0.000,177,811,16,12,0.934,0.020
2025-09-21 22:02:08,6970,0,0.021503,0.016448,1.0000,0.000,177,811,16,12,0.934,0.020
2025-09-21 22:02:09,7004,0,0.021503,0.016448,1.0000,0.000,177,811,16,12,0.934,0.020
